ra,dec,parallax,pmra,pmdec
44.99615478515625,0.005615226458758116,0.35433056950569153,11.93835163116455,-4.0806193351745605
45.00497817993164,0.019879676401615143,3.1391701698303223,29.686338424682617,19.11520004272461
44.99327087402344,0.07633404433727264,0.6296499967575073,-1.4354337453842163,-6.59488582611084
44.996063232421875,0.08491779118776321,0.3013152778148651,14.856952667236328,-14.749449729919434
45.132144927978516,0.13785354793071747,2.676206588745117,4.722163677215576,18.657222747802734
45.05816650390625,0.12740200757980347,1.7728033065795898,6.436306476593018,-12.96689510345459
45.03360366821289,0.12854886054992676,1.740795373916626,-19.608753204345703,-38.518951416015625
45.05595397949219,0.14611200988292694,1.1690733432769775,9.693479537963867,2.8620874881744385
44.894798278808594,0.1140306144952774,1.0390211343765259,-7.708092212677002,-24.44740867614746
44.912776947021484,0.12400437146425247,1.431882619857788,5.4726715087890625,-5.3021039962768555
44.97369384765625,0.15520353615283966,8.053747177124023,220.14755249023438,37.502769470214844
44.92080307006836,0.14607416093349457,0.3798421323299408,1.774002194404602,-3.2857041358947754
44.922855377197266,0.15115754306316376,1.2419054508209229,-4.819578170776367,-17.370912551879883
44.951473236083984,0.15677228569984436,0.8895078897476196,17.43722915649414,7.582343101501465
44.87539291381836,0.11820479482412338,0.7121050953865051,0.9101219773292542,4.995425701141357
44.925621032714844,0.16883255541324615,0.5173925161361694,3.4949891567230225,-5.779862880706787
44.93764877319336,0.18839339911937714,3.097848892211914,46.52273941040039,-30.799877166748047
44.90703201293945,0.2060110718011856,1.508512258529663,6.975430965423584,-17.396482467651367
45.013587951660156,0.1705143302679062,3.5951642990112305,35.86107635498047,-34.9369010925293
44.97582244873047,0.18781410157680511,0.9904046058654785,6.634086608886719,-14.51461124420166
45.00007247924805,0.2141454815864563,5.184997081756592,45.32601547241211,-52.8697395324707
45.06227493286133,0.21600441634655,6.227191925048828,28.981163024902344,49.350704193115234
45.07076644897461,0.2347337007522583,2.6415650844573975,3.402815103530884,-18.200281143188477
45.03434371948242,0.2353896051645279,5.602293491363525,45.46601104736328,-6.834342956542969
44.976165771484375,0.2172798067331314,0.12199189513921738,-1.3653656244277954,-7.160949230194092
44.972679138183594,0.23783321678638458,4.569036483764648,81.6154556274414,-67.74725341796875
45.184043884277344,0.16317999362945557,2.338353395462036,30.368661880493164,7.07467794418335
45.152801513671875,0.2003774642944336,1.8677256107330322,8.19996166229248,-7.467022895812988
45.20466232299805,0.2339533269405365,0.39646515250205994,0.8776722550392151,-7.863983631134033
45.150516510009766,0.2275896966457367,0.37532827258110046,2.6205525398254395,-5.218482971191406
45.188575744628906,0.2824244201183319,0.0016301677096635103,-0.09803741425275803,-0.1205800324678421
45.26535415649414,0.2618050277233124,1.8329334259033203,-2.4133787155151367,-8.992594718933105
45.25832748413086,0.3549201786518097,1.5438731908798218,10.324165344238281,-16.340463638305664
45.263336181640625,0.3693564534187317,0.8101966381072998,5.944063186645508,-3.72515869140625
45.08615493774414,0.24882492423057556,3.148076057434082,2.896986722946167,-1.384549856185913
45.05881881713867,0.2516615390777588,0.38491177558898926,-1.0852992534637451,-8.339157104492188
45.06654357910156,0.2482055425643921,2.561994791030884,3.4552555084228516,-18.45332145690918
45.087547302246094,0.26533588767051697,0.9367636442184448,21.193622589111328,-6.081814289093018
45.102943420410156,0.27704307436943054,0.5223971009254456,2.914362907409668,1.2549322843551636
45.09470748901367,0.2778552770614624,2.0167269706726074,1.6833360195159912,-8.704536437988281
45.14235305786133,0.2779247462749481,0.9184220433235168,16.474018096923828,-18.85409164428711
45.12080383300781,0.27641454339027405,0.6136835813522339,11.929986000061035,-1.2333900928497314
45.115013122558594,0.300476998090744,0.7478499412536621,-1.521353840827942,-13.986655235290527
45.13475799560547,0.32155460119247437,4.139319896697998,9.99463176727295,20.35187339782715
45.04785919189453,0.2950742542743683,1.2271080017089844,6.281286716461182,2.1417248249053955
45.061256408691406,0.2847312390804291,1.5262717008590698,3.992945432662964,-3.716423273086548
45.022037506103516,0.28664860129356384,0.8329681754112244,16.714366912841797,-12.413687705993652
45.2046012878418,0.3271256387233734,4.595411777496338,31.80357551574707,-8.170059204101562
45.13603973388672,0.3350431025028229,1.4076603651046753,-0.711279571056366,-1.4120979309082031
45.210601806640625,0.35420089960098267,6.074726104736328,-6.559224605560303,9.461438179016113
45.20001220703125,0.37025266885757446,2.8312911987304688,21.974613189697266,-4.043380260467529
45.22894287109375,0.3807925581932068,2.3770222663879395,32.2633171081543,-1.128411889076233
45.2063102722168,0.3924424350261688,0.839430034160614,2.0711207389831543,-7.985230445861816
45.195945739746094,0.3903864920139313,,,
45.169002532958984,0.40576329827308655,1.2332929372787476,18.89470672607422,-0.20470330119132996
45.14434814453125,0.4131447374820709,2.00390887260437,14.5824613571167,-7.09685754776001
44.81418991088867,0.16762451827526093,1.0596956014633179,11.279153823852539,-3.65221905708313
44.80220413208008,0.17335671186447144,0.46810925006866455,-0.832141637802124,-2.255878210067749
44.88652038574219,0.22036981582641602,2.191754102706909,45.72968292236328,-9.689176559448242
44.86023712158203,0.25233209133148193,0.6577549576759338,3.933039903640747,2.589017629623413
44.781044006347656,0.2574458718299866,0.3693437874317169,1.754766821861267,1.6551423072814941
44.83521270751953,0.2556593418121338,0.6296353340148926,14.688526153564453,-2.494939088821411
44.801727294921875,0.25641894340515137,0.8118503093719482,22.90608024597168,-1.0672674179077148
44.875308990478516,0.33307841420173645,1.256873369216919,10.100485801696777,-10.789849281311035
44.872859954833984,0.3320852816104889,2.1791183948516846,15.93484878540039,-16.978267669677734
44.79151916503906,0.31289908289909363,1.9140790700912476,23.916584014892578,-13.446745872497559
44.69440460205078,0.31879740953445435,0.5490205883979797,2.699096441268921,-3.3409218788146973
44.75455093383789,0.3519873023033142,0.8096250891685486,2.897918462753296,-13.438225746154785
44.83839797973633,0.34477880597114563,1.1269241571426392,-2.0866470336914062,-22.481731414794922
44.763370513916016,0.352910578250885,5.140984058380127,-25.83449363708496,-11.917684555053711
44.85092544555664,0.3984924554824829,1.9874323606491089,14.36997127532959,0.08376000821590424
44.966758728027344,0.32728850841522217,1.6476823091506958,-1.394413948059082,-8.183773040771484
45.010276794433594,0.351101279258728,5.953793525695801,25.550861358642578,9.449655532836914
45.03341293334961,0.3484063744544983,0.1509709656238556,3.0800812244415283,-5.799304962158203
45.04972839355469,0.370487779378891,2.277207612991333,4.625912189483643,-11.980267524719238
45.01220703125,0.3746202290058136,0.4259549379348755,-3.227330446243286,-11.334654808044434
44.966617584228516,0.35328397154808044,0.8291090726852417,1.1962549686431885,-8.236605644226074
45.003055572509766,0.39241692423820496,0.6343187093734741,-1.8158384561538696,-0.8248151540756226
45.00681686401367,0.4094734787940979,1.2810264825820923,2.487556219100952,-6.843031883239746
45.1025390625,0.4291083812713623,1.5802342891693115,16.479103088378906,4.129344463348389
45.14998245239258,0.4432586431503296,1.3216615915298462,3.728707790374756,-15.154340744018555
45.118499755859375,0.47016599774360657,2.248079299926758,-3.1628124713897705,-2.1439907550811768
45.1212272644043,0.46227866411209106,3.544807195663452,18.41114044189453,-37.48497772216797
45.052982330322266,0.41992294788360596,1.534754991531372,7.5214433670043945,-5.977904796600342
45.08556365966797,0.4462052583694458,0.294323593378067,6.870329856872559,-1.0342217683792114
45.013145446777344,0.4415988028049469,0.26089873909950256,-1.914292812347412,-9.281329154968262
45.09498977661133,0.4768361449241638,1.1201391220092773,19.353300094604492,4.013937473297119
44.94868469238281,0.45527517795562744,0.913952112197876,5.786337852478027,4.471230506896973
44.876220703125,0.4235421121120453,0.3942999541759491,3.3070907592773438,-9.848943710327148
44.85578155517578,0.42114415764808655,8.719778060913086,39.76870346069336,-24.748258590698242
44.87210464477539,0.44536298513412476,0.11510955542325974,7.340041637420654,-5.729569911956787
45.079193115234375,0.5254019498825073,1.6176786422729492,12.048025131225586,-0.3733478784561157
45.06730270385742,0.5266082286834717,0.8702825903892517,1.2978596687316895,-9.717024803161621
44.99660873413086,0.5346279144287109,0.2860872149467468,6.78216552734375,-0.513508141040802
45.405426025390625,0.3523165285587311,0.644519031047821,12.27019214630127,0.07197922468185425
45.28157424926758,0.37665075063705444,0.8619692325592041,7.117823600769043,-33.40848922729492
45.48838806152344,0.45409178733825684,2.1147964000701904,5.4650421142578125,-5.667156219482422
45.2701530456543,0.40379494428634644,2.0460424423217773,37.793182373046875,-33.53935623168945
45.30255126953125,0.4377835988998413,1.4977149963378906,27.268747329711914,-18.611562728881836
45.31696701049805,0.45809295773506165,0.48519811034202576,1.1671760082244873,-3.589468002319336
45.22201156616211,0.4195176661014557,0.6977980136871338,19.61588478088379,-8.763951301574707
45.194271087646484,0.4521825611591339,1.580584168434143,-7.942688941955566,-3.902540922164917
45.257869720458984,0.4712294340133667,0.40807875990867615,2.31425404548645,-5.312426567077637
45.276344299316406,0.4925679564476013,0.9812270998954773,14.98801040649414,0.3104284703731537
45.286537170410156,0.49215084314346313,1.5380431413650513,17.998798370361328,-19.977863311767578
45.26795959472656,0.5161473155021667,2.5295488834381104,-6.269392967224121,5.810312271118164
45.37499237060547,0.5045437812805176,1.9026036262512207,-17.373241424560547,-2.3701329231262207
45.374305725097656,0.527956485748291,1.2826985120773315,22.816146850585938,-12.039823532104492
45.323490142822266,0.5051527619361877,0.6574500799179077,-14.119302749633789,-14.925627708435059
45.319793701171875,0.5061543583869934,2.40495228767395,13.84742546081543,-11.988607406616211
45.29497528076172,0.5298025012016296,0.7616875171661377,12.824844360351562,2.11069393157959
45.31830978393555,0.5367859601974487,1.4488331079483032,-9.681136131286621,-10.20149040222168
45.31953811645508,0.5457370281219482,1.152063012123108,2.8110404014587402,-1.1396102905273438
45.363189697265625,0.5515639185905457,0.9531847834587097,-2.552706718444824,-9.999775886535645
45.55925369262695,0.5611091256141663,0.4637140929698944,1.1866978406906128,-1.3750063180923462
45.51779556274414,0.5857687592506409,1.8043001890182495,13.97640323638916,-8.813261985778809
45.60914611816406,0.5764589905738831,0.7740002274513245,3.891915798187256,-1.3684587478637695
45.6768913269043,0.6029068231582642,1.7609455585479736,20.9932861328125,10.382061004638672
45.594642639160156,0.6335774660110474,0.9836275577545166,17.236112594604492,-7.169923305511475
45.61489486694336,0.6660143136978149,0.9658170938491821,0.3421005308628082,-3.034559488296509
45.5020751953125,0.5781476497650146,0.422556608915329,1.8774535655975342,-0.6003151535987854
45.4730339050293,0.6217620968818665,1.1900913715362549,2.242161273956299,4.414514064788818
45.457000732421875,0.6137016415596008,0.763756275177002,-0.7083789706230164,-2.9302773475646973
45.544456481933594,0.6248577833175659,2.9633119106292725,-3.3693668842315674,-19.550987243652344
45.58978271484375,0.6758068203926086,0.9927809238433838,10.690077781677246,4.937283992767334
45.57390213012695,0.7006787657737732,2.955657482147217,-18.215791702270508,-13.439141273498535
45.467193603515625,0.6550745964050293,5.0363311767578125,97.95124053955078,-21.001644134521484
45.48212814331055,0.6727346181869507,0.9572227001190186,10.01244831085205,-17.555728912353516
45.469696044921875,0.6929880380630493,1.6409978866577148,18.54573631286621,-29.74254608154297
45.21453857421875,0.5070995688438416,2.491499185562134,16.121919631958008,-7.9008283615112305
45.140785217285156,0.5116957426071167,0.9344646334648132,1.8532447814941406,-8.700693130493164
45.110130310058594,0.5089237689971924,3.752694845199585,29.882781982421875,2.9956321716308594
45.11983871459961,0.530480682849884,0.029561826959252357,0.7967737317085266,0.9450592994689941
45.110267639160156,0.533071756362915,1.62420654296875,6.477254867553711,-5.537492752075195
45.142032623291016,0.5541135668754578,2.3187997341156006,45.08487319946289,0.12064659595489502
45.152469635009766,0.5708670020103455,1.1965453624725342,-2.6451168060302734,-21.634334564208984
45.2401008605957,0.5550410747528076,0.7840792536735535,-0.06972445547580719,-2.7526795864105225
45.30345916748047,0.588835597038269,0.42276531457901,7.5909600257873535,-2.9934191703796387
45.3288459777832,0.5966386795043945,1.5066213607788086,-7.342479705810547,-0.9114765524864197
45.283058166503906,0.6074073314666748,2.407193183898926,0.6587584614753723,3.3473634719848633
45.218421936035156,0.5911810398101807,1.577586054801941,-2.19697642326355,0.3897751271724701
45.21685791015625,0.619057834148407,0.5734603404998779,11.740094184875488,1.262277364730835
45.270816802978516,0.6222390532493591,2.572211980819702,19.771867752075195,-5.24159049987793
45.291893005371094,0.6290255784988403,1.1761962175369263,8.443455696105957,-9.999870300292969
45.096221923828125,0.5589256286621094,2.2430694103240967,18.372642517089844,-2.3262763023376465
45.154212951660156,0.5812292695045471,0.45800670981407166,-1.5180484056472778,-9.341426849365234
45.090171813964844,0.6477859616279602,3.3128368854522705,30.199838638305664,12.011375427246094
45.109169006347656,0.6525247693061829,3.1044347286224365,-9.601324081420898,-43.158294677734375
45.17954635620117,0.6233413815498352,0.32732072472572327,5.343883991241455,-2.2025766372680664
45.159584045410156,0.6481381058692932,0.7875282168388367,0.2647378146648407,-2.1480491161346436
45.131412506103516,0.6422957181930542,0.15663230419158936,-0.06504303961992264,-0.04977520927786827
45.10420608520508,0.6609833240509033,0.5671342015266418,3.904939651489258,-0.3587551712989807
45.42290496826172,0.6751091480255127,0.8450008034706116,-1.5491492748260498,-3.743103504180908
45.37931823730469,0.6901373863220215,0.7562246918678284,1.369312047958374,4.846228122711182
45.288509368896484,0.6554303765296936,3.687924385070801,16.14748191833496,18.725393295288086
45.27815246582031,0.6606937050819397,1.2472107410430908,15.742774963378906,7.325958728790283
45.27667236328125,0.6669934391975403,0.47659584879875183,2.4843530654907227,-7.072017669677734
45.447776794433594,0.6885866522789001,1.4177882671356201,3.499805212020874,-26.81525230407715
45.441986083984375,0.7034354209899902,0.28433889150619507,11.789959907531738,-19.933307647705078
45.45271301269531,0.7886111736297607,0.7468128204345703,3.5586490631103516,-2.9067740440368652
45.3050537109375,0.7360934615135193,0.5002722144126892,3.3098323345184326,1.5943562984466553
45.34086608886719,0.7417147755622864,0.47232234477996826,3.3381388187408447,0.8024322986602783
45.25050354003906,0.7395873069763184,2.40901517868042,55.85897445678711,-74.76322174072266
45.20630645751953,0.7380825281143188,0.37098124623298645,6.663882732391357,-22.923091888427734
45.22196960449219,0.7789496779441833,0.6765952110290527,6.2680792808532715,2.4157190322875977
45.4155387878418,0.8194661736488342,1.0967718362808228,19.081510543823242,4.579235076904297
45.42147445678711,0.8351154923439026,1.7115800380706787,11.786845207214355,-5.174130916595459
45.36935043334961,0.8094357252120972,1.2458187341690063,21.095752716064453,7.596148490905762
45.366355895996094,0.8254478573799133,0.7136473655700684,7.449639797210693,-25.667394638061523
45.39319610595703,0.8317636251449585,0.8953670263290405,0.83089280128479,6.294017314910889
45.37631607055664,0.8384310007095337,0.06895904242992401,5.751197814941406,-4.604111671447754
45.389923095703125,0.8417092561721802,1.5163111686706543,21.895231246948242,-3.4834184646606445
45.39379119873047,0.8472802639007568,1.5512547492980957,15.901501655578613,-1.0482382774353027
45.31190872192383,0.7985023260116577,1.6002726554870605,5.147626876831055,-6.238546848297119
45.33365249633789,0.8065718412399292,1.455574631690979,4.701297283172607,11.727067947387695
45.334716796875,0.8424700498580933,0.9441148638725281,-1.3714410066604614,-14.037859916687012
45.37245559692383,0.8683591485023499,1.0912809371948242,15.562118530273438,-11.062084197998047
44.645347595214844,0.3071061074733734,2.113771438598633,11.049029350280762,-10.40369701385498
44.66926193237305,0.31778988242149353,1.009562611579895,6.700409889221191,0.6119955778121948
44.64433670043945,0.32525500655174255,5.036105632781982,3.8858859539031982,-24.71895408630371
44.65583419799805,0.33257022500038147,1.0271830558776855,7.707258701324463,-8.823908805847168
44.674415588378906,0.34669408202171326,1.8987736701965332,-0.524974524974823,-2.797076463699341
44.6316032409668,0.3434898257255554,1.5299915075302124,15.35478687286377,-18.20610237121582
44.65650177001953,0.35451966524124146,2.332890033721924,-3.7794551849365234,-5.646547317504883
44.653282165527344,0.37263551354408264,0.5722934007644653,-0.6523926854133606,-0.3408626914024353
44.612396240234375,0.3674117922782898,1.1410671472549438,5.949731349945068,-3.572279930114746
44.72925567626953,0.40416204929351807,0.6638551950454712,8.710034370422363,0.7646335959434509
44.806156158447266,0.4617733359336853,3.668025255203247,3.0000903606414795,12.805493354797363
44.756839752197266,0.432029664516449,3.021984338760376,5.152897357940674,-7.833155155181885
44.769203186035156,0.46075761318206787,0.58250492811203,3.8922908306121826,1.174836277961731
44.67324447631836,0.4425205588340759,5.0059099197387695,-33.62995910644531,-68.46472930908203
44.65152359008789,0.44530996680259705,0.9863908886909485,3.3170764446258545,-12.185373306274414
44.74626159667969,0.47118112444877625,3.29390549659729,3.4706876277923584,-15.372147560119629
44.779090881347656,0.4849587380886078,0.403233140707016,13.83130931854248,-13.932079315185547
44.7625732421875,0.48749789595603943,1.8759993314743042,6.626701831817627,-6.122313022613525
44.72134780883789,0.4753839373588562,0.5990830659866333,5.808970928192139,-4.577621936798096
44.61949157714844,0.43725302815437317,2.471864938735962,1.1539674997329712,2.823730707168579
44.609764099121094,0.4446558952331543,1.4871265888214111,13.554128646850586,-10.998296737670898
44.55673599243164,0.4954542815685272,1.085894227027893,-4.868337154388428,-22.9316463470459
44.551151275634766,0.4994868338108063,0.2796856760978699,1.1896976232528687,3.3906619548797607
44.631080627441406,0.4705641269683838,0.4423859119415283,1.4324089288711548,-2.1998634338378906
44.68442153930664,0.5148420929908752,0.5750978589057922,4.804532527923584,1.2519607543945312
44.660728454589844,0.51747065782547,15.22684097290039,104.70484161376953,14.873052597045898
44.69567108154297,0.5414436459541321,0.41536012291908264,-2.4356465339660645,-12.668855667114258
44.701385498046875,0.5511824488639832,0.8474981188774109,7.379444122314453,2.3545360565185547
44.6179313659668,0.5365307331085205,1.564650058746338,25.509870529174805,-6.016127109527588
44.642547607421875,0.5422758460044861,0.9569862484931946,1.0555992126464844,-15.411006927490234
44.623538970947266,0.5616080164909363,2.9255282878875732,4.889244079589844,-39.2703971862793
44.650123596191406,0.5854135155677795,2.211177349090576,-8.6436767578125,-8.56830883026123
44.79317855834961,0.4879399240016937,0.507388174533844,17.262842178344727,-5.848858833312988
44.7829475402832,0.5026967525482178,0.7096124887466431,0.0766460970044136,-7.870403289794922
44.9525032043457,0.5780470967292786,2.277583360671997,2.0674703121185303,-11.685791015625
44.95512771606445,0.5802293419837952,0.10469134151935577,3.9888296127319336,-6.311699390411377
44.92835235595703,0.6022253036499023,0.6791700124740601,10.992743492126465,-6.299051761627197
44.86624526977539,0.561502993106842,2.1775221824645996,-4.869754791259766,-12.678339004516602
44.88096237182617,0.6166738271713257,1.7976295948028564,14.728513717651367,-5.957181453704834
44.921695709228516,0.6174271702766418,0.7621896266937256,2.4776570796966553,-7.242271900177002
44.90610122680664,0.6267687678337097,-0.06357726454734802,-0.0060515813529491425,0.020818287506699562
44.93731689453125,0.6237933039665222,15.672103881835938,-98.23068237304688,-160.6251678466797
44.71281814575195,0.5514997839927673,0.6286332607269287,10.385540962219238,1.5507735013961792
44.79623031616211,0.5887205600738525,1.890122890472412,19.05122947692871,-17.933568954467773
44.650596618652344,0.5949811339378357,1.0181457996368408,8.157981872558594,-11.793464660644531
44.686485290527344,0.6197034120559692,0.24191763997077942,1.6313505172729492,-0.8840487599372864
44.72191619873047,0.6199392676353455,2.1280558109283447,12.497356414794922,-1.4571471214294434
44.73492431640625,0.6271844506263733,1.1411871910095215,13.457474708557129,-10.451144218444824
44.75188446044922,0.64276123046875,1.8938992023468018,-7.3159990310668945,-10.626275062561035
44.721641540527344,0.6238811016082764,0.9514722228050232,2.8179996013641357,1.5558677911758423
44.702823638916016,0.6401858329772949,3.5299692153930664,8.511362075805664,-8.874805450439453
44.70110321044922,0.6271312832832336,0.43020981550216675,5.387721061706543,2.6794393062591553
44.73178482055664,0.6493384838104248,0.8425787091255188,5.978163719177246,-6.202426433563232
44.84074783325195,0.6315323114395142,2.7421371936798096,18.704641342163086,-43.21135711669922
44.797794342041016,0.6254786849021912,0.8655297160148621,-0.4106179177761078,-10.2478666305542
44.797149658203125,0.6306633353233337,4.123864650726318,9.66002368927002,-49.415008544921875
44.856483459472656,0.6802328824996948,7.94576358795166,39.20072555541992,43.603023529052734
44.8162841796875,0.725497841835022,1.1294692754745483,13.938555717468262,2.1457319259643555
44.539093017578125,0.5392411947250366,0.5911337733268738,2.405139684677124,-0.6432281136512756
44.54344177246094,0.5279269218444824,0.4933057725429535,8.466824531555176,5.0859222412109375
44.458133697509766,0.5112719535827637,0.977043628692627,-5.390451431274414,-10.759260177612305
44.49126434326172,0.5722181797027588,0.6209583282470703,8.338263511657715,-3.133474349975586
44.5687141418457,0.547299861907959,0.034126877784729004,4.946394920349121,-2.8384909629821777
44.582523345947266,0.5814561247825623,1.1304476261138916,18.474956512451172,-5.727707862854004
44.582801818847656,0.5785664916038513,2.981130838394165,17.129568099975586,-7.597657680511475
44.59043884277344,0.5975282192230225,2.458386182785034,-12.136747360229492,-17.948747634887695
44.575565338134766,0.6446812748908997,0.6358669996261597,6.375394344329834,-1.191577672958374
44.58622741699219,0.6394686102867126,1.6837936639785767,13.047094345092773,-3.648742914199829
44.55751419067383,0.6443626284599304,0.42420512437820435,7.104970932006836,-2.201878070831299
44.3476676940918,0.599227249622345,1.8911988735198975,7.423333644866943,-5.323201656341553
44.360225677490234,0.6071987748146057,0.4726076126098633,2.623319625854492,-6.162415504455566
44.44111251831055,0.655575156211853,1.0454548597335815,10.554670333862305,1.824483036994934
44.414249420166016,0.6571254730224609,1.3227063417434692,-6.074548244476318,3.271996021270752
44.42873001098633,0.6804972290992737,0.595161497592926,-0.9637765884399414,-7.865137577056885
44.42932891845703,0.7011631727218628,0.7301675081253052,10.426705360412598,0.2997501492500305
44.45574188232422,0.7059497237205505,0.23112714290618896,6.281442642211914,-8.346497535705566
44.711631774902344,0.6747353672981262,5.625312805175781,40.65179443359375,-42.08778381347656
44.675018310546875,0.6753495335578918,0.787642776966095,-2.897305727005005,-9.066186904907227
44.60769271850586,0.6568645238876343,1.0081470012664795,3.983430862426758,1.8529106378555298
44.62570571899414,0.6698154807090759,0.5764706134796143,1.0464171171188354,-3.2123100757598877
44.62693786621094,0.6883407831192017,0.5289226770401001,2.067070960998535,-2.0305895805358887
44.58640670776367,0.6882855892181396,0.6160083413124084,-0.48300617933273315,-10.151874542236328
44.67798614501953,0.699506938457489,1.2634025812149048,2.7692008018493652,-3.338691234588623
44.62290573120117,0.710534930229187,0.2632923424243927,0.08276493102312088,-2.8015456199645996
44.6552848815918,0.7295742034912109,5.018106937408447,11.15522289276123,39.48332595825195
44.73784255981445,0.7073983550071716,1.7367699146270752,18.786081314086914,2.0037970542907715
44.712158203125,0.7028493285179138,0.600376546382904,2.1757149696350098,-3.171738386154175
44.695011138916016,0.7085546255111694,0.2010592669248581,4.619548797607422,-3.304971694946289
44.73374557495117,0.7235233783721924,1.3421648740768433,0.9445264339447021,-23.833560943603516
44.73430633544922,0.7419493794441223,4.807429313659668,62.101104736328125,-24.62047004699707
44.75502395629883,0.7378156185150146,0.3520851731300354,2.2767043113708496,-0.7422788143157959
44.7164306640625,0.7449836134910583,1.9419574737548828,5.3160929679870605,-24.162273406982422
44.72098159790039,0.7407564520835876,1.038058876991272,6.64152717590332,-3.482203960418701
44.745643615722656,0.7549842596054077,2.396620750427246,67.05615997314453,14.205682754516602
44.569522857666016,0.6899530291557312,0.48540234565734863,3.539184093475342,-1.5994361639022827
44.547733306884766,0.7042382955551147,0.3895830512046814,0.1444125473499298,-2.08789324760437
44.64582824707031,0.7465580701828003,0.8758933544158936,14.728551864624023,-7.792089462280273
44.614845275878906,0.7388242483139038,0.886806845664978,11.573321342468262,-0.5060353875160217
44.58054733276367,0.741580069065094,0.6585429906845093,-2.8443098068237305,-9.811582565307617
44.55339050292969,0.7653710246086121,1.0979456901550293,-0.18007676303386688,-7.721406936645508
44.59895706176758,0.7796649932861328,0.2083573341369629,2.060614585876465,0.8331365585327148
44.6849250793457,0.7884528636932373,1.4097673892974854,7.63669490814209,-9.9397554397583
44.704078674316406,0.7953648567199707,1.4982796907424927,11.490121841430664,-10.699225425720215
44.709293365478516,0.8290193676948547,1.5739012956619263,19.217832565307617,-10.109018325805664
44.678157806396484,0.8109694719314575,0.34642425179481506,7.065093994140625,-6.374781608581543
44.692298889160156,0.8500155806541443,1.7611867189407349,-4.979098796844482,-3.5063323974609375
44.61664962768555,0.845650315284729,0.826454222202301,1.4582738876342773,-6.693379878997803
44.63014602661133,0.8749366402626038,1.184636116027832,-5.831038475036621,-19.189695358276367
44.978515625,0.6176387071609497,2.3208091259002686,-4.8290910720825195,-9.42090129852295
44.97792053222656,0.6422207951545715,1.4378256797790527,11.206161499023438,-13.200990676879883
45.02287673950195,0.6831008195877075,3.239274740219116,20.883346557617188,-41.980918884277344
45.021175384521484,0.6832706928253174,1.0242806673049927,3.273710250854492,-2.848200559616089
44.98549270629883,0.6755717992782593,0.38622570037841797,4.750749111175537,0.34114566445350647
44.93840789794922,0.6695594191551208,5.583286285400391,-16.76929473876953,-6.822260856628418
44.915931701660156,0.6696268320083618,0.5609706044197083,1.1434153318405151,-0.17678247392177582
45.05699920654297,0.698153018951416,1.0168216228485107,4.594053745269775,1.3375698328018188
44.911197662353516,0.6888035535812378,0.701810359954834,-1.8578824996948242,-19.599355697631836
44.916229248046875,0.6771154403686523,0.46625709533691406,30.790672302246094,-2.7289154529571533
44.98469924926758,0.7416781187057495,0.6165007948875427,15.16457462310791,-22.2320499420166
44.9547119140625,0.7617292404174805,1.9833996295928955,-3.9680991172790527,-11.425359725952148
44.965511322021484,0.7719728350639343,9.447684288024902,14.714417457580566,0.14645478129386902
44.85560607910156,0.7273252606391907,0.45323196053504944,2.505061388015747,-0.8599790930747986
44.83588409423828,0.7385740876197815,0.48050403594970703,0.005671363323926926,-6.6510396003723145
44.86919021606445,0.7733100652694702,1.104559302330017,-8.652812957763672,-3.5512938499450684
44.91831588745117,0.7550788521766663,2.536527395248413,28.40761375427246,-29.3267822265625
44.93035125732422,0.7847663760185242,11.441805839538574,8.243419647216797,-2.3670759201049805
44.897220611572266,0.7850696444511414,0.46314260363578796,1.1506054401397705,-1.4419137239456177
45.00236892700195,0.8077681064605713,-0.004862779751420021,0.0013672902714461088,0.07735100388526917
45.017398834228516,0.8348866105079651,0.2904820442199707,6.022647857666016,-4.733353614807129
45.03667068481445,0.8492116332054138,0.3733457922935486,1.1135956048965454,-3.7972829341888428
44.98815155029297,0.8215397000312805,0.7374206185340881,0.8997509479522705,1.1440976858139038
45.00727844238281,0.8331391215324402,0.4781704843044281,1.4272065162658691,-0.8902713656425476
45.01213455200195,0.8528758883476257,0.7899931073188782,8.421433448791504,-0.9464939832687378
44.979618072509766,0.8431426286697388,1.7655504941940308,49.29558563232422,13.086264610290527
45.23920822143555,0.8199983835220337,4.245965480804443,-6.998422622680664,2.1252551078796387
45.22024917602539,0.8285115957260132,1.110935926437378,2.3725249767303467,-14.865778923034668
45.205047607421875,0.8345264792442322,4.295368194580078,-1.64118230342865,-11.477579116821289
45.240699768066406,0.8654855489730835,1.409727692604065,65.51146697998047,-67.6013412475586
45.33847427368164,0.8925852179527283,0.766173243522644,4.692055702209473,7.671789646148682
45.32075119018555,0.9162677526473999,1.0344185829162598,15.567819595336914,0.8535023331642151
45.29934310913086,0.9103249311447144,1.5161356925964355,2.0973384380340576,-16.90045928955078
45.30128479003906,0.9224211573600769,,,
45.23983383178711,0.9046819806098938,1.1249277591705322,11.167590141296387,-8.333044052124023
45.26161575317383,0.9197350740432739,0.9996263980865479,-0.1916218400001526,-14.221037864685059
45.25779342651367,0.9242641925811768,2.155285358428955,-3.8317108154296875,-16.674724578857422
45.262577056884766,0.9626326560974121,0.9357984662055969,9.45588207244873,-1.7530001401901245
45.024513244628906,0.9067049622535706,2.4205594062805176,-1.6306774616241455,-34.401126861572266
45.10005187988281,0.9089214205741882,0.6363469362258911,9.979637145996094,3.9003987312316895
45.203826904296875,0.9434320330619812,0.3217734396457672,3.8441879749298096,0.7056879997253418
45.22882080078125,0.9591272473335266,1.3151761293411255,5.7701735496521,0.1160602793097496
45.23869323730469,0.9606708288192749,2.3531460762023926,4.857900619506836,2.26979923248291
45.12466812133789,0.9674258232116699,0.4840099811553955,5.783576011657715,-1.5631102323532104
45.129608154296875,0.977245032787323,1.4222503900527954,17.6241455078125,-12.79878044128418
45.196006774902344,0.9932982325553894,6.190128803253174,17.73544692993164,-24.86724281311035
45.14750289916992,1.0047603845596313,2.9930660724639893,23.678665161132812,0.09449093043804169
44.80000686645508,0.7794933319091797,22.499345779418945,176.56736755371094,-42.431644439697266
44.863128662109375,0.8079690933227539,0.6914485096931458,1.9771473407745361,-4.547550201416016
44.89986038208008,0.8242626786231995,0.7822657227516174,9.488273620605469,-8.52016544342041
44.84258270263672,0.8103243112564087,2.4490041732788086,22.802507400512695,-11.521862030029297
44.783443450927734,0.801333487033844,0.5433402061462402,2.159660577774048,3.592372179031372
44.820796966552734,0.8178880214691162,0.5945076942443848,0.9774463772773743,0.23241329193115234
44.8237419128418,0.8558704853057861,0.686814546585083,6.144906044006348,1.3282462358474731
44.83378601074219,0.8549846410751343,1.6183780431747437,17.849258422851562,-28.060014724731445
44.89958190917969,0.8609158992767334,1.6982556581497192,-0.7835161685943604,-8.355274200439453
44.872676849365234,0.8593243360519409,1.3481526374816895,10.198534965515137,-11.322705268859863
44.91728210449219,0.8781651258468628,1.0433094501495361,2.287736415863037,0.08550368994474411
44.93977355957031,0.9052868485450745,3.9470860958099365,-30.05360984802246,-41.533966064453125
44.93629837036133,0.9057380557060242,2.3829150199890137,11.435667037963867,-9.691876411437988
44.94811248779297,0.9094979763031006,1.2738704681396484,20.79422950744629,-13.216391563415527
44.88007736206055,0.9101161956787109,0.6015418171882629,11.891576766967773,-2.921175003051758
44.884918212890625,0.9197752475738525,2.110697031021118,26.987789154052734,-5.697899341583252
44.753360748291016,0.8478395938873291,0.9569051861763,1.1833105087280273,-2.8735499382019043
44.75590896606445,0.8696145415306091,1.1162784099578857,6.422008514404297,0.6790668964385986
44.77942657470703,0.8957621455192566,0.922551691532135,6.045658111572266,-0.976930558681488
44.716346740722656,0.8890948295593262,1.5943645238876343,-9.446060180664062,-16.15032196044922
44.6993293762207,0.9341042041778564,2.725332736968994,47.21575164794922,-31.33935546875
44.81814956665039,0.910826563835144,1.8708696365356445,3.543140172958374,-14.589495658874512
44.820518493652344,0.914621889591217,3.7745676040649414,53.477230072021484,-30.41104507446289
44.82398223876953,0.9468714594841003,1.4322850704193115,19.528339385986328,-14.400568962097168
44.83607482910156,0.952528715133667,5.913201808929443,48.68302917480469,-8.62468433380127
44.868873596191406,0.9550797343254089,0.8202877044677734,3.3829071521759033,-0.29123514890670776
44.844303131103516,0.9748592376708984,-0.24028857052326202,0.17739152908325195,-0.06299639493227005
44.7709846496582,0.9966539740562439,0.4401869773864746,7.079254150390625,-3.575160503387451
44.8009033203125,1.00403892993927,1.581807017326355,17.080514907836914,-10.189685821533203
44.822322845458984,1.0064334869384766,2.6592423915863037,-3.2233803272247314,-3.3395397663116455
44.985626220703125,0.9533462524414062,2.482866048812866,119.43756866455078,-89.8802490234375
45.07279586791992,0.9699707627296448,5.737753868103027,29.432374954223633,-93.78045654296875
45.006248474121094,1.0011848211288452,3.842682123184204,-13.28519058227539,-22.78179359436035
45.010719299316406,0.9976575970649719,0.407177597284317,6.180873870849609,1.7270015478134155
44.99782180786133,1.0033528804779053,0.46078789234161377,3.235295534133911,0.8549109697341919
45.022274017333984,0.989778459072113,4.641396999359131,2.1588807106018066,-53.42703628540039
45.01463317871094,1.025762677192688,1.0618516206741333,-12.656228065490723,-19.04647445678711
45.1000862121582,1.01268470287323,0.4063028395175934,32.6309700012207,-2.717864990234375
45.166717529296875,1.0457181930541992,0.9923718571662903,5.050868988037109,-7.732789516448975
45.153160095214844,1.044132947921753,1.1091190576553345,-1.6233015060424805,-2.5779929161071777
45.11860275268555,1.0465824604034424,1.31324303150177,-0.5782529711723328,5.955835819244385
45.052127838134766,1.0494370460510254,0.394150972366333,2.2792913913726807,2.6341640949249268
45.014259338378906,1.0420148372650146,0.021190093830227852,1.8813574314117432,-4.400264739990234
45.01388168334961,1.0472300052642822,1.7300541400909424,12.359697341918945,-8.973559379577637
45.04813003540039,1.0577170848846436,1.5348612070083618,26.245798110961914,-25.41721534729004
44.91539764404297,0.9928688406944275,3.007559299468994,93.49198150634766,32.95770263671875
44.97712326049805,1.0454779863357544,1.2455201148986816,27.14736557006836,-13.998017311096191
44.942623138427734,1.0482150316238403,1.4211094379425049,25.507625579833984,-1.3432576656341553
44.92293167114258,1.0723763704299927,0.48755186796188354,-3.119109630584717,-4.155114650726318
44.932918548583984,1.0816624164581299,1.073370099067688,-4.776628017425537,-17.94407844543457
44.88227462768555,1.0935956239700317,0.4117383360862732,-0.06261816620826721,-1.9096720218658447
45.00825119018555,1.061329960823059,0.34030017256736755,0.25908398628234863,-0.4139951467514038
45.02188491821289,1.0659862756729126,0.22762304544448853,0.18429817259311676,-0.5957322716712952
44.98349380493164,1.0994092226028442,0.3542068600654602,-3.008920431137085,-7.865416526794434
45.069190979003906,1.1233844757080078,0.6936759352684021,9.351375579833984,5.2562336921691895
45.025726318359375,1.1102086305618286,1.8998690843582153,-11.64107608795166,-1.142189621925354
44.9296875,1.1122814416885376,2.5707902908325195,-11.426787376403809,-37.011383056640625
44.954261779785156,1.1244120597839355,0.8908979296684265,0.22574204206466675,-20.715543746948242
44.95284652709961,1.136610984802246,0.5675363540649414,1.0885951519012451,-10.230080604553223
44.95526123046875,1.1391892433166504,1.6077170372009277,3.4210305213928223,-18.082185745239258
44.95481872558594,1.1525942087173462,3.521801710128784,11.643349647521973,-34.96961975097656
44.964046478271484,1.1455448865890503,0.9987574815750122,12.298495292663574,-2.856898784637451
44.993011474609375,1.145228624343872,0.9734026193618774,-0.8488435745239258,0.5531095862388611
44.99861145019531,1.1572790145874023,0.8382263779640198,-5.962583541870117,-11.341423988342285
44.96709060668945,1.159023642539978,2.892284393310547,29.47154426574707,-30.646677017211914
45.0151481628418,1.1710606813430786,0.32010504603385925,5.920560836791992,-3.6701393127441406
45.72551727294922,0.6199922561645508,0.20531508326530457,6.7786545753479,-9.147363662719727
45.72364044189453,0.61900395154953,1.1332480907440186,10.316667556762695,-4.749117851257324
45.764286041259766,0.666162371635437,0.5104531049728394,-1.2615586519241333,-5.730000019073486
45.7244873046875,0.6670696139335632,0.7682055830955505,1.895247459411621,-1.745478868484497
45.765262603759766,0.6878259778022766,0.7200301289558411,19.021482467651367,-4.779193878173828
45.745540618896484,0.6904571056365967,0.2639000117778778,0.6149683594703674,-6.018742561340332
45.70595169067383,0.6905444264411926,7.92329216003418,76.84839630126953,-5.347318649291992
45.667606353759766,0.7120875716209412,5.218789100646973,82.34004974365234,12.881776809692383
45.79841995239258,0.6781219244003296,0.8699266314506531,-0.08245303481817245,-7.738474369049072
45.79756546020508,0.6999460458755493,0.6346259117126465,6.225102424621582,-47.56892395019531
45.78342056274414,0.7172801494598389,1.3996275663375854,46.91332244873047,-9.245038986206055
45.78011703491211,0.7313665747642517,4.945740699768066,1.4783227443695068,-24.3463191986084
45.7890625,0.7310165762901306,0.7948721051216125,7.843998908996582,-2.807605504989624
45.83294677734375,0.7340167760848999,4.042911529541016,-11.406421661376953,2.4292337894439697
45.81035614013672,0.7569908499717712,0.9160448312759399,5.484086990356445,-0.41011443734169006
45.77005386352539,0.7596102952957153,2.0212035179138184,27.496889114379883,-16.4448299407959
45.79181671142578,0.7496235966682434,0.3075825273990631,-0.019133860245347023,-1.1203444004058838
45.629547119140625,0.6856698393821716,1.920433521270752,13.77440357208252,-13.744617462158203
45.615535736083984,0.7048310041427612,0.38495540618896484,18.88258171081543,-5.775033950805664
45.630889892578125,0.7256101369857788,0.29924386739730835,3.792076587677002,-0.6140751838684082
45.64992904663086,0.7479620575904846,0.43459969758987427,1.7870533466339111,-2.5235748291015625
45.65825653076172,0.755501389503479,1.021404504776001,14.188578605651855,-0.1763615906238556
45.649723052978516,0.7589399218559265,0.4900379478931427,1.1327760219573975,-0.02148846536874771
45.57463836669922,0.7570215463638306,0.7347714900970459,0.1817733645439148,-5.657639503479004
45.70065689086914,0.7489454746246338,,,
45.710838317871094,0.7587328553199768,0.4354601204395294,5.0754499435424805,-3.499708890914917
45.684513092041016,0.7748169302940369,4.784178733825684,11.877131462097168,11.483556747436523
45.698646545410156,0.796639084815979,1.2085260152816772,12.795044898986816,-1.9749013185501099
45.70423126220703,0.8134805560112,4.189938545227051,44.709598541259766,-30.449865341186523
45.74466323852539,0.8172560930252075,0.4694828689098358,8.077583312988281,4.749015808105469
45.768707275390625,0.8025946021080017,1.551162600517273,11.116430282592773,-5.044105529785156
45.78463363647461,0.81954026222229,1.3267899751663208,4.514512538909912,-7.645366668701172
45.65313720703125,0.8047592639923096,3.593691349029541,59.259071350097656,27.703344345092773
45.723045349121094,0.8509494662284851,2.2468743324279785,-2.885124444961548,-46.612403869628906
45.884395599365234,0.7664976716041565,1.1463823318481445,12.429905891418457,-1.056943655014038
45.852783203125,0.7830899357795715,1.0952706336975098,-2.4421329498291016,-19.70110511779785
45.873233795166016,0.8024625778198242,3.909533977508545,-31.99826431274414,-27.439722061157227
45.88954162597656,0.8186740875244141,3.810391426086426,19.06867027282715,22.067546844482422
45.890350341796875,0.8196940422058105,3.938210964202881,19.193782806396484,22.02143096923828
45.90815353393555,0.8453460335731506,1.1587930917739868,-3.1025781631469727,-3.6518242359161377
45.85452651977539,0.8089811205863953,0.698642909526825,3.53550124168396,0.9857379198074341
45.853824615478516,0.8403539061546326,2.493630886077881,18.995262145996094,25.474761962890625
45.85663604736328,0.8406592607498169,1.2911685705184937,19.106483459472656,-9.298442840576172
45.96269226074219,0.8331514596939087,2.999356985092163,2.050408124923706,-1.4083279371261597
45.94667434692383,0.8720730543136597,0.42112961411476135,3.795222520828247,1.0509086847305298
45.98713302612305,0.8926630020141602,1.0709162950515747,7.855031967163086,5.224446773529053
45.92584228515625,0.886110782623291,4.448136806488037,-31.145042419433594,-27.364171981811523
45.94322204589844,0.9201415777206421,3.231407403945923,25.312204360961914,-41.64373779296875
45.929222106933594,0.9301296472549438,0.69562166929245,26.221227645874023,-4.345553874969482
45.78792953491211,0.8284121751785278,1.7147620916366577,-8.807360649108887,-8.711614608764648
45.77611541748047,0.8363692164421082,-0.112945556640625,0.12908272445201874,-2.450878620147705
45.764034271240234,0.8527906537055969,2.8598833084106445,-16.01284408569336,-49.35630416870117
45.792728424072266,0.8724787831306458,0.5245569944381714,4.571933269500732,1.461569905281067
45.807071685791016,0.8718248009681702,1.083351492881775,4.699252605438232,-12.313020706176758
45.85286331176758,0.900519073009491,3.0073983669281006,-14.066917419433594,-15.204838752746582
45.797733306884766,0.9005394577980042,7.864939212799072,172.5425262451172,-32.34724426269531
45.72869873046875,0.888796865940094,1.3279887437820435,3.988023281097412,-13.153434753417969
45.71498107910156,0.9046886563301086,0.5234820246696472,3.5757558345794678,-3.413447141647339
45.799041748046875,0.9162139296531677,0.8212109804153442,-3.1385087966918945,-3.785377025604248
45.78480911254883,0.9118999242782593,8.298251152038574,-7.4505791664123535,-67.60655975341797
45.77030563354492,0.9483339190483093,0.5740501284599304,-6.500731945037842,-10.696172714233398
45.91971969604492,0.9303627014160156,1.6104987859725952,5.283687114715576,-34.911216735839844
45.890541076660156,0.9323918223381042,0.2357979714870453,1.9320223331451416,-17.808086395263672
45.9007682800293,0.9556983709335327,0.6204471588134766,0.8766112327575684,-16.836776733398438
45.88570785522461,0.9755740761756897,0.33371615409851074,0.09040365368127823,-4.910429000854492
45.89683532714844,0.9964180588722229,2.106311798095703,-21.34694480895996,-22.30040168762207
45.899513244628906,1.0251911878585815,0.4596393406391144,2.002106189727783,0.44081369042396545
45.54096603393555,0.7705098986625671,2.6585805416107178,32.551849365234375,-9.692144393920898
45.50537109375,0.7768104672431946,4.0365891456604,9.091456413269043,10.579964637756348
45.49850082397461,0.7802485227584839,0.825713574886322,6.982724189758301,0.45958179235458374
45.55027389526367,0.8241668343544006,2.3949103355407715,-2.3184847831726074,-13.1984281539917
45.55555725097656,0.8634395003318787,0.10927536338567734,2.1306114196777344,-6.538687229156494
45.50419998168945,0.8593982458114624,4.028122901916504,37.1512336730957,-44.67802429199219
45.519405364990234,0.8808029890060425,0.40918728709220886,3.475031852722168,-0.8414808511734009
45.65187072753906,0.8839107751846313,0.7069599628448486,8.523048400878906,-1.077070951461792
45.44976806640625,0.8298073410987854,1.295851469039917,-0.8176122903823853,-2.4131782054901123
45.432411193847656,0.8506118655204773,0.5936069488525391,14.129049301147461,-4.388328552246094
45.404598236083984,0.8592031002044678,0.626783549785614,-4.498589515686035,-5.532769203186035
45.45621871948242,0.8769606351852417,0.24283751845359802,1.458579182624817,-6.388266563415527
45.48651123046875,0.8679852485656738,1.5781865119934082,-1.3704077005386353,-11.829998970031738
45.487091064453125,0.9100455641746521,1.220951795578003,3.588581085205078,-3.7134623527526855
45.40255355834961,0.8700902462005615,0.8289016485214233,3.8254129886627197,-14.967670440673828
45.396385192871094,0.8847230076789856,0.8050540685653687,-4.499444484710693,-1.3158456087112427
45.390689849853516,0.9017550945281982,1.7390304803848267,16.858619689941406,-11.612028121948242
45.395957946777344,0.8957450985908508,0.10890335589647293,3.695117473602295,-5.493417739868164
45.4559326171875,0.9147617816925049,0.7582306265830994,14.906271934509277,-4.99070930480957
45.423309326171875,0.9326463341712952,0.5326980948448181,9.177216529846191,-0.9809131026268005
45.54116439819336,0.9133151173591614,0.9543421864509583,-1.6761211156845093,-4.25131368637085
45.49614715576172,0.9248837232589722,0.8340135812759399,5.727168083190918,-7.538326263427734
45.5062255859375,0.9466373920440674,0.5142295956611633,3.585026979446411,-0.6168081760406494
45.56488037109375,0.9439263939857483,1.6587375402450562,73.22134399414062,-49.07393264770508
45.5435676574707,0.9819692373275757,1.0035146474838257,17.490123748779297,-9.600926399230957
45.48290252685547,0.9668258428573608,-1.15409255027771,13.97990894317627,-9.584648132324219
45.50978088378906,0.9655710458755493,4.555274486541748,11.190337181091309,-1.4085776805877686
45.503231048583984,0.977892279624939,,,
45.468788146972656,0.9698812961578369,1.5700699090957642,9.619508743286133,-4.667806625366211
45.50419616699219,0.9962866902351379,1.287535309791565,5.367343902587891,-10.211051940917969
45.59402084350586,1.0022692680358887,6.385818004608154,13.548789024353027,-9.800088882446289
45.60391616821289,1.0571054220199585,1.506089210510254,-1.5308191776275635,1.3454490900039673
46.065616607666016,0.9110182523727417,0.4423532783985138,6.335700988769531,-2.4925689697265625
46.04732131958008,0.9755527377128601,1.107661485671997,-3.4008629322052,-2.7657973766326904
46.042842864990234,1.0090190172195435,0.1671057641506195,2.187577724456787,-0.17139652371406555
45.953304290771484,0.9944902658462524,3.236682176589966,-5.498474597930908,-7.952629089355469
45.94159698486328,1.0139952898025513,2.5714433193206787,6.972934722900391,-12.074368476867676
45.964599609375,1.019562005996704,0.8836622834205627,-8.291789054870605,-9.871646881103516
45.93720626831055,1.0386059284210205,0.4807497262954712,-0.573424756526947,-0.31932762265205383
45.946903228759766,1.0692681074142456,7.568352699279785,-18.957700729370117,-33.39006423950195
45.935089111328125,1.0813798904418945,0.4221533536911011,0.2198297381401062,5.392385959625244
46.079105377197266,1.0742071866989136,2.90305233001709,-20.022457122802734,-11.554097175598145
46.10721969604492,1.1247830390930176,-0.02339901588857174,2.070382595062256,-2.3919270038604736
46.08363342285156,1.1685831546783447,3.2272019386291504,19.7108154296875,2.5736615657806396
46.2773551940918,1.101633906364441,4.181271076202393,-13.395634651184082,-5.409449100494385
46.29937744140625,1.1092143058776855,0.5010697841644287,4.342994213104248,-5.808838367462158
46.29155731201172,1.1402616500854492,0.7230182886123657,-3.018854856491089,-7.564316749572754
46.200096130371094,1.1023961305618286,0.41173315048217773,-0.5372239351272583,-2.859459400177002
46.19174575805664,1.11165189743042,2.6528985500335693,-11.24482536315918,-21.190658569335938
46.19110107421875,1.129124402999878,0.8500908613204956,12.525649070739746,-6.012027740478516
46.2631950378418,1.1632441282272339,0.4476802945137024,9.063508987426758,-8.467731475830078
46.200767517089844,1.14772367477417,0.9916884303092957,8.66171932220459,-6.418176651000977
46.32829284667969,1.1398427486419678,0.3357086181640625,1.4961040019989014,-0.7724210023880005
46.35776901245117,1.169195532798767,0.6808141469955444,10.280109405517578,-38.01978302001953
46.374786376953125,1.1743886470794678,0.5674239993095398,-1.0086815357208252,-1.5132352113723755
46.35496139526367,1.1880245208740234,1.1175099611282349,21.7779483795166,-5.700522422790527
46.351863861083984,1.2165132761001587,0.7074612975120544,9.125287055969238,-7.525034427642822
46.2723503112793,1.1691839694976807,8.745789527893066,15.867402076721191,-100.26055908203125
46.31713104248047,1.2012509107589722,3.3608057498931885,10.203840255737305,-7.367830276489258
46.318992614746094,1.1967006921768188,0.38568586111068726,2.6850693225860596,-0.7309458255767822
46.350711822509766,1.2355294227600098,1.2641968727111816,4.369293212890625,-12.262340545654297
46.334861755371094,1.2283775806427002,1.2608762979507446,7.303361892700195,-11.582768440246582
46.1386604309082,1.1683214902877808,1.3065636157989502,17.510902404785156,-3.095221996307373
46.19148635864258,1.1902966499328613,0.6389395594596863,4.304898738861084,-27.76009178161621
46.147491455078125,1.1898736953735352,0.5370861887931824,10.598287582397461,-4.156099319458008
46.17499923706055,1.2094582319259644,0.12322741001844406,15.822091102600098,-0.47872650623321533
46.1412239074707,1.1946343183517456,0.6987876892089844,7.007706165313721,4.932784080505371
46.14985275268555,1.2239762544631958,0.8663435578346252,7.727684497833252,4.9552412033081055
46.25757598876953,1.2430217266082764,0.6480841636657715,-1.1791181564331055,-5.451898097991943
46.21767044067383,1.2228419780731201,0.6048956513404846,0.8768947720527649,-3.04270601272583
46.210304260253906,1.2257055044174194,1.1269034147262573,3.735156536102295,3.4488277435302734
46.19392395019531,1.2271794080734253,0.27873775362968445,9.636348724365234,-0.3269632160663605
46.28053283691406,1.2500876188278198,0.8869988918304443,6.283953666687012,-8.805154800415039
46.2722053527832,1.254235029220581,2.350480318069458,-8.215802192687988,-24.18714714050293
46.26043701171875,1.2613317966461182,2.044342279434204,93.61448669433594,-70.3145751953125
46.19892501831055,1.2594460248947144,0.9814872741699219,5.466750621795654,-11.172966003417969
46.24589920043945,1.2888387441635132,2.34826922416687,12.974862098693848,20.94805908203125
46.2486686706543,1.30644690990448,6.540224075317383,36.00640869140625,28.10071563720703
46.24236297607422,1.3031010627746582,0.31754806637763977,2.8326525688171387,-0.8415501713752747
46.21487808227539,1.3071787357330322,1.047347068786621,-2.6511123180389404,3.6570801734924316
46.22028350830078,1.3037179708480835,0.23601171374320984,4.682185649871826,-10.466032028198242
45.855735778808594,1.071679711341858,0.983145534992218,30.68967628479004,-6.947473526000977
45.865516662597656,1.1057506799697876,0.5043433904647827,8.727852821350098,-2.5659234523773193
45.87140655517578,1.1046479940414429,2.2067697048187256,44.35424041748047,-14.364014625549316
45.767799377441406,1.2088178396224976,6.455573558807373,3.167192220687866,-7.6533308029174805
45.89466857910156,1.2369223833084106,0.438843309879303,7.022475719451904,-7.965339183807373
45.9080924987793,1.2747511863708496,1.1742874383926392,4.687439441680908,10.132927894592285
46.0449333190918,1.2304706573486328,2.8412952423095703,2.8966994285583496,-22.623062133789062
46.05741500854492,1.246628761291504,0.3414296507835388,0.6434866189956665,-0.8318399786949158
46.034027099609375,1.260533332824707,4.19185209274292,-21.000783920288086,-43.917423248291016
46.04420471191406,1.2717385292053223,0.794926643371582,12.27611255645752,-14.766139030456543
46.04541778564453,1.267560601234436,0.6050125956535339,6.482146263122559,-8.444536209106445
46.02058029174805,1.2740540504455566,0.48637211322784424,4.60483455657959,-4.361064910888672
46.00056076049805,1.2608680725097656,1.8031713962554932,4.722141742706299,-2.555619716644287
46.01080322265625,1.288672685623169,1.0272600650787354,3.419910430908203,-2.1329216957092285
46.17927551269531,1.3114591836929321,0.383288711309433,2.1181790828704834,-1.2117815017700195
46.18020248413086,1.3105086088180542,1.9527970552444458,11.907170295715332,-19.990625381469727
46.181602478027344,1.3715238571166992,1.1550734043121338,10.63045883178711,-16.501419067382812
46.12556457519531,1.3315515518188477,3.7281858921051025,37.17319869995117,-21.654804229736328
46.12345886230469,1.3439817428588867,-0.018101366236805916,0.0013673705980181694,-1.9571551084518433
46.145145416259766,1.3655580282211304,0.40082237124443054,4.398988246917725,1.425723671913147
46.16780090332031,1.3789143562316895,0.34673577547073364,3.204174518585205,-0.45710650086402893
45.99143600463867,1.2957712411880493,1.0106933116912842,0.8888029456138611,3.0280280113220215
45.99068832397461,1.307125449180603,0.645248532295227,12.24503231048584,-5.518214702606201
46.02891159057617,1.3240340948104858,0.6685319542884827,2.1670610904693604,2.5048608779907227
45.94105911254883,1.3502237796783447,2.501429319381714,-17.306987762451172,-21.749277114868164
45.97133255004883,1.347193717956543,0.41734743118286133,-0.09693826735019684,-0.6918420195579529
46.114585876464844,1.4255162477493286,2.1913809776306152,8.326021194458008,-4.908681392669678
46.08442306518555,1.4191348552703857,0.41081321239471436,5.113399982452393,-5.559187889099121
46.06965255737305,1.4239825010299683,3.0241241455078125,-5.678490161895752,-33.74242401123047
46.09617233276367,1.4512234926223755,1.1491291522979736,11.436558723449707,2.928070545196533
46.01506042480469,1.402141809463501,1.6251474618911743,18.27878189086914,-15.792486190795898
46.041160583496094,1.414286494255066,0.8318766951560974,-0.8603336215019226,-21.139476776123047
46.055484771728516,1.4432343244552612,1.9665405750274658,-0.4522930681705475,-0.4805614948272705
46.03538131713867,1.4431582689285278,1.2012041807174683,12.648988723754883,-7.353311538696289
45.36252975463867,0.9279624819755554,0.9105956554412842,11.186878204345703,8.456643104553223
45.3194465637207,0.9284226298332214,2.1491427421569824,9.162416458129883,-7.082433700561523
45.357826232910156,0.9513157606124878,6.183353900909424,51.723934173583984,-22.796382904052734
45.39363098144531,0.9927117824554443,0.29283347725868225,2.611088514328003,-1.9131981134414673
45.298397064208984,0.9585789442062378,0.5862637758255005,21.824920654296875,-21.654279708862305
45.33278274536133,0.9724141359329224,2.072493553161621,0.946769118309021,7.549346923828125
45.35915756225586,0.9859311580657959,1.8678762912750244,12.530768394470215,-4.355408668518066
45.368919372558594,1.0206960439682007,0.8303705453872681,8.72299861907959,0.8672893643379211
45.3314094543457,1.0119638442993164,1.7148290872573853,18.76570701599121,-19.68448829650879
45.34616470336914,1.0247019529342651,1.2918689250946045,-2.1955580711364746,-4.404417514801025
45.47806167602539,1.033092737197876,3.483145236968994,-15.293157577514648,-20.926122665405273
45.51028823852539,1.0302455425262451,1.7599908113479614,8.257065773010254,1.9969744682312012
45.507347106933594,1.0589414834976196,9.648876190185547,99.50627899169922,103.67747497558594
45.42413330078125,1.0370302200317383,0.3229249119758606,0.44701674580574036,-4.203314304351807
45.40562438964844,1.0427449941635132,1.8860162496566772,-1.531601071357727,-30.508686065673828
45.47275161743164,1.0858099460601807,2.0708768367767334,27.889766693115234,-41.47147750854492
45.47372055053711,1.0758568048477173,0.4730583727359772,2.807443141937256,-1.8197906017303467
45.4688835144043,1.0908907651901245,1.0377354621887207,-0.6404372453689575,-7.552380084991455
45.25476837158203,0.986297607421875,0.8942402601242065,2.5221004486083984,-8.393162727355957
45.24789047241211,1.0078325271606445,1.2982720136642456,11.310066223144531,-22.960933685302734
45.26285171508789,1.03032386302948,0.12957188487052917,3.7358524799346924,-3.716719388961792
45.32236862182617,1.0442174673080444,0.6525709629058838,2.072511911392212,8.221543312072754
45.29911804199219,1.0526342391967773,2.1936817169189453,11.414319038391113,-4.748162746429443
45.205196380615234,1.047684907913208,4.267284870147705,2.2921338081359863,-3.996948003768921
45.35385513305664,1.0783908367156982,1.3390123844146729,4.515656471252441,-1.126181960105896
45.35493469238281,1.0849812030792236,0.9102679491043091,-1.6727221012115479,-28.023860931396484
45.40327072143555,1.0887451171875,0.386907696723938,5.11936616897583,-2.2924208641052246
45.38544845581055,1.0973732471466064,4.385866641998291,0.20985464751720428,-23.694122314453125
45.38827133178711,1.115947961807251,0.585618257522583,0.05237305909395218,-0.6219886541366577
45.3900260925293,1.1278603076934814,0.4236564338207245,2.745715379714966,1.4785218238830566
45.31555938720703,1.148289680480957,1.8883150815963745,11.124591827392578,12.41439151763916
45.3564453125,1.156173586845398,4.396286964416504,18.88519859313965,-0.8955130577087402
45.34343719482422,1.153078556060791,1.6129295825958252,4.078884601593018,-14.093544006347656
45.519508361816406,1.0850533246994019,0.3529282808303833,1.0984665155410767,1.4919068813323975
45.506317138671875,1.0895756483078003,2.789079189300537,15.48250961303711,-8.825899124145508
45.53135299682617,1.1037808656692505,0.7682123184204102,3.742823839187622,-2.10650897026062
45.60750961303711,1.117109775543213,0.8679664731025696,12.364724159240723,-8.84251880645752
45.56281280517578,1.1119757890701294,1.5079638957977295,39.19821548461914,9.291138648986816
45.47306442260742,1.1078723669052124,3.7730259895324707,8.824087142944336,18.80401611328125
45.48487091064453,1.1199060678482056,0.7283213138580322,-0.7305273413658142,-7.507292747497559
45.453697204589844,1.1230599880218506,1.3241369724273682,20.822660446166992,-4.299530982971191
45.55704116821289,1.1508677005767822,1.716386079788208,15.758788108825684,15.546935081481934
45.4920539855957,1.151147484779358,0.8474940061569214,3.5610897541046143,-12.03252124786377
45.604679107666016,1.1454284191131592,0.4522278308868408,4.374128818511963,-9.978631973266602
45.628562927246094,1.145655632019043,2.7448840141296387,14.373995780944824,-8.431769371032715
45.65017318725586,1.1771167516708374,0.5940531492233276,1.1548032760620117,4.422643184661865
45.659114837646484,1.211427092552185,0.3667382001876831,30.272626876831055,-14.867555618286133
45.580692291259766,1.1942145824432373,1.2831332683563232,1.6688951253890991,-5.5006937980651855
45.4583854675293,1.1456429958343506,0.5957074761390686,1.5574257373809814,-2.359123468399048
45.45128631591797,1.1526604890823364,0.6787915229797363,12.866473197937012,-2.5251948833465576
45.42029571533203,1.1694682836532593,0.5244492888450623,-1.1458141803741455,-6.42840051651001
45.472476959228516,1.202222466468811,1.65963876247406,-8.912078857421875,-7.372793674468994
45.441246032714844,1.195483684539795,1.3942185640335083,13.686161041259766,-15.1687650680542
45.427154541015625,1.2104864120483398,0.8985085487365723,2.9887053966522217,-6.658436298370361
45.421958923339844,1.2257161140441895,2.752736806869507,6.365414142608643,-15.809408187866211
45.45261001586914,1.2543002367019653,0.7667011022567749,13.207168579101562,2.3548743724823
45.42915725708008,1.2508870363235474,1.8100765943527222,13.551129341125488,4.304529666900635
45.55712890625,1.2239620685577393,1.1513515710830688,-3.7866578102111816,-4.810635089874268
45.496402740478516,1.2599544525146484,0.7251154184341431,-5.91448450088501,-2.4191699028015137
45.17068862915039,1.0602922439575195,0.5685421228408813,1.5120075941085815,-1.7987546920776367
45.202144622802734,1.069931983947754,1.3753974437713623,0.02182181179523468,-8.383440017700195
45.151695251464844,1.0729442834854126,1.0363249778747559,13.946496963500977,-11.467924118041992
45.182220458984375,1.1019738912582397,0.3711905777454376,5.3366618156433105,-5.79532527923584
45.20906066894531,1.1071709394454956,0.28462788462638855,3.9740121364593506,-8.2242431640625
45.14448547363281,1.1146268844604492,8.354817390441895,23.37998390197754,-95.66796875
45.11875915527344,1.1087827682495117,0.6935516595840454,13.034102439880371,-4.615215301513672
45.18303298950195,1.128874659538269,0.6477526426315308,4.683383941650391,-10.095500946044922
45.17188262939453,1.1768841743469238,2.510159730911255,28.217853546142578,8.735979080200195
45.25090789794922,1.1329946517944336,3.268165349960327,26.247285842895508,2.3655831813812256
45.249122619628906,1.165716290473938,1.4775772094726562,13.514094352722168,-10.244803428649902
45.30424118041992,1.1727313995361328,1.8597787618637085,-3.991400957107544,-15.476090431213379
45.27606964111328,1.191406011581421,2.5244638919830322,121.83151245117188,-60.27788162231445
45.2957878112793,1.207746982574463,3.6096696853637695,2.7201311588287354,5.605657577514648
45.230953216552734,1.1848114728927612,0.25135141611099243,13.084015846252441,-7.470457553863525
45.178619384765625,1.191416621208191,0.6857542395591736,9.60501766204834,4.7905354499816895
45.26665496826172,1.2495768070220947,0.5245252847671509,1.2164887189865112,-5.560672760009766
45.117095947265625,1.173020839691162,3.4079837799072266,23.08669090270996,-18.63334846496582
45.12972640991211,1.1859461069107056,1.1783769130706787,5.2395782470703125,1.4138820171356201
45.148048400878906,1.193225383758545,0.4666895568370819,1.206894040107727,-0.39433494210243225
45.07387924194336,1.2299517393112183,1.1128567457199097,10.645736694335938,2.202697992324829
45.09280014038086,1.2355575561523438,2.0722694396972656,33.86754608154297,-8.332438468933105
45.20515060424805,1.3160418272018433,4.508965969085693,13.203413009643555,-2.2312545776367188
45.375701904296875,1.2456300258636475,0.5809759497642517,0.9784249663352966,-5.814691543579102
45.341793060302734,1.2466589212417603,0.22908364236354828,5.553415298461914,-0.09314471483230591
45.39057159423828,1.2370433807373047,1.268608570098877,5.8458943367004395,-2.240664005279541
45.35755920410156,1.2697277069091797,2.2461459636688232,10.402262687683105,-15.592429161071777
45.32086944580078,1.2777903079986572,0.6612354516983032,9.347427368164062,-3.1602091789245605
45.38470458984375,1.308190941810608,0.6657991409301758,5.112263202667236,0.8892889022827148
45.38346481323242,1.3070361614227295,1.3952661752700806,-9.586270332336426,-14.897042274475098
45.361610412597656,1.3085495233535767,6.540485382080078,2.0881128311157227,-9.036163330078125
45.330753326416016,1.297106385231018,1.7706499099731445,-11.965506553649902,-22.266637802124023
45.32497024536133,1.3029874563217163,-0.4357949197292328,7.884556770324707,-8.93907356262207
45.3355712890625,1.315699815750122,3.4827373027801514,37.96717071533203,-57.78202438354492
45.35380172729492,1.315434217453003,0.34132710099220276,4.153634548187256,0.265358030796051
45.35348129272461,1.3322707414627075,0.9783362150192261,2.165963649749756,-5.710361957550049
45.43541717529297,1.2972482442855835,0.5261836051940918,-0.43125495314598083,0.7297123074531555
45.4642333984375,1.3294199705123901,0.26141950488090515,1.7111945152282715,-2.2027344703674316
45.4658203125,1.3434096574783325,1.716508388519287,0.3675055503845215,-9.801063537597656
45.4931526184082,1.352263331413269,4.999621868133545,75.850830078125,8.465847969055176
45.50027847290039,1.3618121147155762,2.1498053073883057,9.072708129882812,0.5329882502555847
45.45654296875,1.3702874183654785,6.466612815856934,19.369930267333984,-21.288820266723633
45.42815399169922,1.3929098844528198,1.293790340423584,20.571317672729492,-8.97983169555664
45.23672866821289,1.3421019315719604,1.0148615837097168,19.38194465637207,0.7004534006118774
45.354671478271484,1.3687055110931396,1.3189259767532349,20.96209716796875,-9.086543083190918
45.37803649902344,1.381543517112732,0.7434093952178955,4.307542324066162,1.9007729291915894
45.40147018432617,1.3986287117004395,2.8379533290863037,-3.1315503120422363,12.155210494995117
45.392616271972656,1.3986151218414307,1.167527437210083,20.56364631652832,-13.531393051147461
45.30891799926758,1.4073716402053833,1.0378551483154297,6.793459892272949,-14.387472152709961
45.71136474609375,1.2367136478424072,1.6140437126159668,24.42763328552246,8.660794258117676
45.68088912963867,1.2625166177749634,0.8127415180206299,13.177756309509277,-5.386343955993652
45.771148681640625,1.3985106945037842,0.7931053042411804,-3.0063650608062744,-8.09302043914795
45.592742919921875,1.3117564916610718,1.2744067907333374,4.517727851867676,-11.734415054321289
45.60799789428711,1.3137836456298828,0.5183805823326111,-0.7247817516326904,-0.1857682168483734
45.627254486083984,1.3159873485565186,1.3416757583618164,10.482856750488281,-4.176290035247803
45.621864318847656,1.3329349756240845,1.1048299074172974,12.217634201049805,-6.4073991775512695
45.624351501464844,1.3420515060424805,1.1831351518630981,-3.8776700496673584,-5.484811782836914
45.63992691040039,1.3511931896209717,0.42355409264564514,-0.8626430034637451,-3.1880855560302734
45.584007263183594,1.3392844200134277,0.8964996337890625,14.386662483215332,-3.534353494644165
45.62831115722656,1.4050350189208984,0.6035221815109253,5.874006271362305,-5.679230213165283
45.74489212036133,1.4193651676177979,4.9950995445251465,65.13397216796875,-56.18485641479492
45.86012649536133,1.3970134258270264,0.4915795624256134,1.8472609519958496,3.1904284954071045
46.0062141418457,1.4561792612075806,2.4842984676361084,0.9228723049163818,-8.403980255126953
45.94347381591797,1.4698246717453003,1.348941445350647,7.996661186218262,-0.7141882181167603
45.975948333740234,1.4730331897735596,,,
46.03753662109375,1.494446039199829,0.1554713398218155,8.849625587463379,-15.369986534118652
46.00200271606445,1.503341794013977,0.8579919934272766,4.29231071472168,4.685396194458008
45.938899993896484,1.4686542749404907,0.4619919955730438,10.334065437316895,-8.816336631774902
45.91806411743164,1.4732571840286255,3.403576612472534,19.497774124145508,6.4176859855651855
45.94309997558594,1.4915270805358887,0.9345711469650269,10.741833686828613,4.183104991912842
45.921138763427734,1.5149946212768555,0.5420529246330261,2.2143068313598633,3.478599786758423
45.86779022216797,1.4991580247879028,2.405217170715332,9.450787544250488,0.19056084752082825
45.835689544677734,1.5067695379257202,1.887694001197815,22.378732681274414,-26.30800437927246
45.834590911865234,1.5250285863876343,1.6817148923873901,-4.295175552368164,-33.88962173461914
45.89948654174805,1.5109333992004395,0.3069765567779541,4.287922382354736,-0.046042896807193756
45.9046516418457,1.5404707193374634,0.5752197504043579,-0.8305672407150269,-8.147690773010254
45.95426559448242,1.5684465169906616,0.5502009987831116,3.9294886589050293,-5.51078987121582
45.939002990722656,1.567216157913208,2.4928431510925293,-26.27983283996582,-9.960491180419922
45.923187255859375,1.5809063911437988,2.9671695232391357,12.524510383605957,-35.85896301269531
45.87229919433594,1.5672173500061035,5.215658664703369,11.27415943145752,-14.46657657623291
45.81684875488281,1.5729042291641235,2.9619741439819336,32.81553649902344,-24.41396141052246
45.83328628540039,1.602647066116333,1.0643465518951416,2.347576379776001,-12.588001251220703
45.87254333496094,1.5965896844863892,1.920976996421814,2.170820474624634,-0.14833290874958038
45.91714859008789,1.6023008823394775,0.6441801190376282,3.275517225265503,-0.6306436061859131
45.897544860839844,1.6175258159637451,1.727704644203186,29.747255325317383,2.1815154552459717
45.56425857543945,1.3823654651641846,0.9971691966056824,14.56546688079834,-26.426959991455078
45.53889846801758,1.3810226917266846,-0.1517249345779419,11.203851699829102,-4.360151290893555
45.585594177246094,1.4084163904190063,0.39064446091651917,-0.08448798954486847,-5.542168617248535
45.51644515991211,1.4113131761550903,4.19645881652832,11.61393928527832,-24.381908416748047
45.50761413574219,1.433056354522705,2.578195333480835,18.24370574951172,4.833640098571777
45.45995330810547,1.420853614807129,1.5873686075210571,-0.8263356685638428,-0.5028313398361206
45.535194396972656,1.4276634454727173,3.651829242706299,27.635183334350586,-8.022842407226562
45.5523796081543,1.4471547603607178,2.725497245788574,25.056743621826172,0.5183736085891724
45.620445251464844,1.4471256732940674,5.0290422439575195,38.788272857666016,19.076648712158203
45.6025505065918,1.4679572582244873,1.8050317764282227,-0.426437646150589,-9.803216934204102
45.607887268066406,1.477263331413269,0.14830757677555084,9.34405517578125,-4.971798419952393
45.678009033203125,1.5078037977218628,0.5899357199668884,0.5364041328430176,-10.120046615600586
45.62424087524414,1.4930661916732788,0.8273107409477234,-1.1576215028762817,5.916139125823975
45.636436462402344,1.519032597541809,4.114378929138184,23.69744110107422,-0.8828631639480591
45.63743209838867,1.5267211198806763,4.041141986846924,23.440752029418945,-1.0306532382965088
45.399112701416016,1.4522204399108887,1.4999839067459106,19.91197395324707,-3.788313150405884
45.44773483276367,1.478979229927063,4.1138458251953125,53.98515319824219,20.329275131225586
45.441680908203125,1.4840996265411377,2.6766436100006104,45.72385787963867,-30.000173568725586
45.46010208129883,1.4763407707214355,1.114527940750122,7.885979652404785,1.4972847700119019
45.46360397338867,1.5253074169158936,2.8466544151306152,-2.984467029571533,-16.723485946655273
45.43553161621094,1.542047142982483,2.519341468811035,27.312353134155273,-16.222097396850586
45.54597091674805,1.5665147304534912,0.7977862358093262,2.240900993347168,-6.023057460784912
45.46885681152344,1.591531753540039,0.2530410885810852,1.2393057346343994,-7.186348915100098
45.67207717895508,1.519395112991333,1.8221182823181152,8.124027252197266,-8.140497207641602
45.666297912597656,1.530652403831482,3.0221030712127686,-22.561683654785156,-31.73227310180664
45.743919372558594,1.5791723728179932,0.8651860952377319,5.68818998336792,-7.117792129516602
45.73629379272461,1.580990195274353,0.8814488649368286,13.050070762634277,-5.45859956741333
45.69287872314453,1.5909380912780762,1.7956578731536865,4.443338394165039,4.4872145652771
45.73263931274414,1.6102405786514282,3.1166839599609375,15.865618705749512,36.070987701416016
45.68138885498047,1.6057065725326538,0.5325748324394226,1.1112674474716187,-0.11051810532808304
45.815765380859375,1.606459617614746,0.18811653554439545,1.3813313245773315,0.3954276740550995
45.76657485961914,1.6050341129302979,2.3360955715179443,-6.656877040863037,-8.857358932495117
45.85149383544922,1.6501857042312622,1.0489438772201538,4.055205345153809,-0.46988922357559204
45.815311431884766,1.641223430633545,0.896245539188385,4.874107360839844,-21.4284725189209
45.80677032470703,1.6363143920898438,0.643642783164978,11.321481704711914,0.038545578718185425
45.816802978515625,1.646771788597107,1.7768018245697021,-1.3081458806991577,-4.513855934143066
45.740577697753906,1.6382663249969482,-0.035637956112623215,0.3019349277019501,0.07591993361711502
45.72228240966797,1.6559032201766968,0.47802603244781494,1.2525309324264526,-4.282093048095703
45.76103591918945,1.661880373954773,6.765661716461182,-30.504013061523438,-33.258705139160156
45.76994705200195,1.6874871253967285,0.5500510334968567,1.0454052686691284,-4.428572654724121
45.60524368286133,1.5853893756866455,1.0745612382888794,-10.332792282104492,-6.2783894538879395
45.6199951171875,1.6024619340896606,0.14102579653263092,5.775195121765137,-3.907987356185913
45.611629486083984,1.6438689231872559,1.1776379346847534,-2.7736921310424805,0.007511777803301811
45.743072509765625,1.6768542528152466,3.217296838760376,10.81614875793457,4.517838001251221
45.70246887207031,1.6942832469940186,0.8350188732147217,6.864311218261719,4.623995304107666
45.74635314941406,1.6913930177688599,0.3524414896965027,3.8716373443603516,-2.2065649032592773
45.721256256103516,1.7119821310043335,0.9186631441116333,21.77362632751465,-2.0079691410064697
45.71921157836914,1.7259734869003296,0.4993147850036621,3.0489861965179443,0.26235300302505493
45.66958236694336,1.7169175148010254,0.997276782989502,8.550433158874512,-2.867276906967163
45.67046356201172,1.716442346572876,0.9613729119300842,8.586980819702148,-2.9232115745544434
45.65616226196289,1.7300169467926025,0.3772551119327545,0.41765689849853516,-4.423948764801025
45.67635726928711,1.7387425899505615,0.8588756918907166,-5.156479835510254,-14.902912139892578
45.695037841796875,1.7647991180419922,1.4521868228912354,3.9630157947540283,-16.27045440673828
45.7147216796875,1.7701537609100342,0.6683323383331299,2.7515623569488525,-7.167570114135742
44.34446334838867,0.6473879814147949,1.4059706926345825,25.382333755493164,-12.805298805236816
44.3488883972168,0.6640697121620178,2.229811906814575,13.549565315246582,-18.844871520996094
44.2581901550293,0.6454493403434753,0.5354166030883789,3.4959464073181152,0.29468289017677307
44.30427551269531,0.723418116569519,0.3779663145542145,3.484086036682129,0.39072465896606445
44.376243591308594,0.6855483055114746,1.2066606283187866,15.272477149963379,-3.3373348712921143
44.41025161743164,0.7061144113540649,1.4792240858078003,13.23845386505127,-14.611428260803223
44.377113342285156,0.7033658027648926,5.6492767333984375,5.036531925201416,-19.059667587280273
44.40370178222656,0.7305729985237122,0.7177070379257202,4.919020175933838,5.440565586090088
44.344696044921875,0.7528150677680969,0.6235558390617371,6.129357814788818,2.4113426208496094
44.379676818847656,0.759789764881134,2.2283616065979004,45.087364196777344,6.783556938171387
44.20737075805664,0.716829240322113,1.1579030752182007,11.08775520324707,2.0217885971069336
44.27296447753906,0.735480010509491,1.8437786102294922,5.707345485687256,4.077452182769775
44.28742980957031,0.7743462920188904,6.519816875457764,-18.373571395874023,-18.706613540649414
44.35273742675781,0.827609658241272,1.177130937576294,2.7940354347229004,9.998579025268555
44.2514533996582,0.7866918444633484,0.9088592529296875,7.891653060913086,-10.655718803405762
44.279624938964844,0.8094649314880371,6.257862091064453,12.96046257019043,-20.196205139160156
44.2824592590332,0.8139596581459045,4.950598239898682,-30.85342025756836,-15.837464332580566
44.30870056152344,0.8587971329689026,1.680989384651184,-8.975600242614746,-22.122173309326172
44.48966979980469,0.772800862789154,0.9091022610664368,-1.2113327980041504,-1.8730287551879883
44.47914505004883,0.7834390997886658,0.3967995047569275,6.225856304168701,-3.3568837642669678
44.44850158691406,0.7917886972427368,17.04575538635254,87.42140197753906,-52.41267776489258
44.49040603637695,0.8230364918708801,1.3255443572998047,40.16303253173828,-2.9352827072143555
44.479244232177734,0.8242748379707336,1.6221685409545898,17.736984252929688,-34.73167419433594
44.43503952026367,0.8119785189628601,3.1748366355895996,7.551184177398682,6.0242695808410645
44.45071029663086,0.8062651753425598,1.7126390933990479,0.7360085248947144,-7.961276054382324
44.46784210205078,0.8219361901283264,0.6554057598114014,3.099874973297119,-14.992262840270996
44.47114181518555,0.8416566252708435,1.7633838653564453,1.5894323587417603,3.508195161819458
44.49738693237305,0.8443704843521118,0.44028839468955994,9.251140594482422,-7.257559776306152
44.510066986083984,0.8569214940071106,0.2576642632484436,3.4403021335601807,-3.0118448734283447
44.52754592895508,0.8555965423583984,1.3948051929473877,2.601623296737671,-13.802258491516113
44.55583572387695,0.9634445905685425,0.8955314755439758,8.06894588470459,-9.098010063171387
44.39911651611328,0.8492985963821411,0.6532627940177917,8.409891128540039,-10.024011611938477
44.386383056640625,0.8587360382080078,0.4722791910171509,2.756683588027954,-9.985213279724121
44.40951919555664,0.8699811697006226,2.293895721435547,-5.403044700622559,-23.7086238861084
44.41511917114258,0.8847179412841797,,,
44.401611328125,0.906171441078186,0.9418215751647949,-0.4546104967594147,-11.139141082763672
44.325111389160156,0.9012329578399658,0.8221086263656616,3.487525701522827,-6.081335544586182
44.39051818847656,0.9032735228538513,0.7862362265586853,5.13882303237915,-4.6508331298828125
44.393096923828125,0.9577991962432861,0.36261680722236633,3.460239887237549,-5.686028003692627
44.48216247558594,0.9303024411201477,0.44884398579597473,1.6455373764038086,0.8570165634155273
44.459102630615234,0.936431884765625,2.978816032409668,8.668679237365723,3.767199993133545
44.44881057739258,0.938021719455719,1.2695462703704834,7.334481716156006,-2.557263135910034
44.537906646728516,0.9526544213294983,1.3176978826522827,6.954229831695557,-21.21275520324707
44.53880310058594,0.9658305644989014,1.030303955078125,7.751218795776367,7.7758307456970215
44.40156173706055,0.9654648303985596,0.7677803635597229,8.47577953338623,4.982876300811768
44.40861129760742,0.9850432276725769,2.1556029319763184,4.896425724029541,-3.470086097717285
44.512672424316406,1.009917974472046,1.3746311664581299,10.212307929992676,-22.678194046020508
44.451839447021484,0.9972582459449768,0.4709673821926117,0.13491147756576538,-4.660655975341797
44.45395278930664,0.9930019974708557,1.2624595165252686,-0.6410471796989441,-3.08562970161438
44.44328689575195,1.018352746963501,6.2930989265441895,-12.8851900100708,0.6726590394973755
44.16623306274414,0.797322690486908,1.180976390838623,3.70367169380188,-2.1678452491760254
44.080562591552734,0.80133056640625,1.4704068899154663,4.310693264007568,-10.302490234375
44.10488510131836,0.8299494981765747,1.7495324611663818,-0.5608370304107666,-2.829009771347046
44.103580474853516,0.8291694521903992,1.7494558095932007,-0.4292775094509125,-2.976888418197632
44.03718566894531,0.8205015659332275,6.910643100738525,22.959556579589844,-55.35989761352539
44.05612564086914,0.8339998126029968,-0.09103228896856308,0.004136393312364817,-2.0467092990875244
44.099281311035156,0.8742024302482605,0.9535265564918518,4.084805488586426,-10.019543647766113
44.131568908691406,0.8681531548500061,1.5019237995147705,11.908355712890625,-5.832803249359131
44.18370819091797,0.8635290861129761,1.1127053499221802,22.811542510986328,-14.919442176818848
44.264862060546875,0.9174680113792419,4.4975385665893555,5.747868537902832,-15.117152214050293
44.245216369628906,0.9087711572647095,0.4983488619327545,-1.3303368091583252,-0.826785683631897
44.19001770019531,0.9101377129554749,1.9837861061096191,17.11254119873047,-4.346475601196289
44.14192199707031,0.8793084025382996,1.3709875345230103,2.4486658573150635,-11.826376914978027
44.123294830322266,0.8969491720199585,1.3472765684127808,8.538703918457031,-11.127236366271973
44.16484069824219,0.9140959978103638,1.2843077182769775,-1.9660848379135132,-3.2929494380950928
44.21015167236328,0.9397042989730835,1.0111126899719238,17.153240203857422,-13.466527938842773
44.05632781982422,0.8664084076881409,0.6021213531494141,0.5153708457946777,-9.561602592468262
44.05214309692383,0.8633823394775391,1.174422025680542,13.355692863464355,-5.452975749969482
44.01167297363281,0.8473228216171265,1.8918753862380981,-18.107919692993164,-5.748836040496826
44.03939437866211,0.8906363844871521,0.6633180379867554,5.669445991516113,5.834817409515381
44.001834869384766,0.8780673146247864,1.5396610498428345,8.289148330688477,-1.807209849357605
43.9820671081543,0.8724490404129028,1.7137163877487183,21.562641143798828,-10.923412322998047
43.98704147338867,0.8916066884994507,0.5452446937561035,5.0300774574279785,-9.55566120147705
44.04023361206055,0.9056474566459656,3.192269802093506,22.90761947631836,17.915428161621094
44.032310485839844,0.9169861674308777,1.1767258644104004,2.0758893489837646,-0.4274907410144806
44.034610748291016,0.9571397304534912,7.222245216369629,80.57649230957031,-41.444007873535156
44.11836624145508,0.9225130677223206,0.7319483160972595,0.22708696126937866,-7.9020771980285645
44.11576843261719,0.9219912886619568,5.8233137130737305,3.9820709228515625,-29.153343200683594
44.09627151489258,0.9377226233482361,2.413905382156372,7.095396518707275,6.806926250457764
44.111541748046875,0.9553613066673279,0.5669571161270142,-3.4627177715301514,-1.9074985980987549
44.16653823852539,0.9960200786590576,0.9383690357208252,16.29998779296875,-12.698723793029785
44.07795333862305,0.9430393576622009,1.7779102325439453,4.710423469543457,-9.548786163330078
44.08408737182617,0.9459183216094971,2.3787636756896973,18.405168533325195,0.2939106225967407
44.054481506347656,0.9546253085136414,0.7615965008735657,4.28472375869751,3.1625285148620605
44.057308197021484,0.971437394618988,1.443534255027771,3.0060129165649414,-2.52079439163208
44.11043167114258,0.9847204089164734,1.0518238544464111,11.399799346923828,0.6840892434120178
44.09877014160156,1.0231965780258179,0.7094061374664307,8.511494636535645,-5.832841873168945
44.29149627685547,0.9123943448066711,1.24606192111969,-2.32395076751709,-14.040144920349121
44.31554412841797,0.9365448355674744,0.9930745363235474,-3.8851749897003174,3.7485079765319824
44.28547286987305,0.9500272274017334,3.755916118621826,60.01754379272461,-41.38570022583008
44.334861755371094,0.9427239298820496,0.9215341806411743,-2.166374683380127,-8.060227394104004
44.245426177978516,0.9590989351272583,1.5352063179016113,10.100607872009277,5.2615437507629395
44.29306411743164,0.9753822088241577,1.847946286201477,-6.197117328643799,12.367831230163574
44.298519134521484,0.9737539887428284,2.007087230682373,-7.267477989196777,-14.494690895080566
44.32312774658203,0.9934425950050354,0.6079875826835632,-0.34510186314582825,-0.5775827765464783
44.27614974975586,1.0044023990631104,2.8581409454345703,1.80039644241333,-20.318532943725586
44.30282211303711,1.037482738494873,1.1512458324432373,12.627667427062988,-11.11698055267334
44.415958404541016,0.99771648645401,0.48227816820144653,0.1310698240995407,0.2037351280450821
44.41645050048828,1.0083070993423462,0.14378538727760315,2.561523914337158,-2.313328742980957
44.355987548828125,0.9981040954589844,7.190794467926025,-46.13730239868164,-46.84824752807617
44.376678466796875,1.0487744808197021,0.6591910123825073,11.63331127166748,1.8974463939666748
44.34357452392578,1.063060998916626,2.5511465072631836,-23.904788970947266,-34.23069381713867
44.40728759765625,1.0945639610290527,4.188230991363525,34.04783630371094,45.80028533935547
44.405086517333984,1.0927928686141968,4.228195667266846,33.999759674072266,45.78764343261719
44.37242126464844,1.0844228267669678,5.469906806945801,-26.855424880981445,-20.936948776245117
44.212459564208984,1.041504979133606,1.769798994064331,8.591020584106445,-9.864363670349121
44.223323822021484,1.0512802600860596,0.5350878834724426,32.26609802246094,-16.410390853881836
44.25541305541992,1.0549342632293701,0.4502826929092407,2.9717116355895996,-1.9266996383666992
44.232757568359375,1.0910042524337769,0.7319422364234924,1.2683051824569702,4.971604824066162
44.310298919677734,1.0930842161178589,0.657177746295929,5.085205078125,-4.951753616333008
44.27500915527344,1.063175916671753,0.9368494749069214,15.563142776489258,-4.382709980010986
44.34811019897461,1.1302424669265747,0.4283672571182251,-2.1544485092163086,-4.116254806518555
44.3377799987793,1.158732533454895,0.48056983947753906,-0.4829624891281128,-1.6517804861068726
44.3216552734375,1.1611191034317017,1.1246931552886963,13.344067573547363,-9.31511116027832
44.26239776611328,1.1576924324035645,0.8488215804100037,-2.016676425933838,-7.985229015350342
44.65401077270508,0.9074255228042603,1.0161932706832886,-5.100669860839844,-9.07211685180664
44.66024398803711,0.9062395095825195,1.020042896270752,1.1400179862976074,-8.363832473754883
44.671268463134766,0.9345254302024841,1.1219401359558105,9.04773235321045,-3.8871147632598877
44.71430587768555,0.9635880589485168,0.09838148206472397,2.0386581420898438,-5.791563510894775
44.598106384277344,0.9534226059913635,0.7873257398605347,11.02794075012207,-5.50837516784668
44.59530258178711,0.9526994228363037,1.1485122442245483,6.636017322540283,3.3959670066833496
44.59764862060547,0.9876455068588257,0.5445654988288879,5.022171497344971,1.4198726415634155
44.72802734375,1.0284523963928223,1.5256084203720093,-5.411795616149902,-36.28825378417969
44.7927360534668,1.034519910812378,6.658175468444824,21.81117057800293,10.762938499450684
44.81013488769531,1.050563097000122,1.2711654901504517,-2.930501699447632,-9.491682052612305
44.7825927734375,1.0519217252731323,0.04618517681956291,-1.0003553628921509,-6.0795135498046875
44.777496337890625,1.0741604566574097,0.30543482303619385,2.841590642929077,-1.9548383951187134
44.7040901184082,1.049328088760376,1.4471570253372192,-8.072362899780273,-2.377324342727661
44.73537826538086,1.0507763624191284,2.0261032581329346,13.709151268005371,22.358749389648438
44.76491928100586,1.0788416862487793,6.587289810180664,49.70073318481445,44.95024490356445
44.55404281616211,0.9811460375785828,1.0645829439163208,-2.000696897506714,-6.605626583099365
44.54057312011719,1.0032001733779907,2.183875799179077,4.237088203430176,-6.7376322746276855
44.54727554321289,1.0142861604690552,0.45610615611076355,7.441022872924805,-5.277407646179199
44.53331756591797,1.0287134647369385,1.0365437269210815,9.76180362701416,-1.4150980710983276
44.59624099731445,1.0789200067520142,1.3882659673690796,6.1166253089904785,5.2843451499938965
44.658226013183594,1.0564346313476562,2.109290361404419,-9.740936279296875,-40.669639587402344
44.643150329589844,1.0682306289672852,2.6855709552764893,26.632675170898438,-9.39523983001709
44.61418151855469,1.079172968864441,1.8713091611862183,3.2504730224609375,1.0376218557357788
44.62093734741211,1.0924893617630005,1.3580631017684937,-5.672470569610596,-5.901172161102295
44.6581916809082,1.1270830631256104,0.39496326446533203,9.915445327758789,-21.113605499267578
44.69752883911133,1.1332651376724243,1.1867235898971558,7.320866107940674,-8.813703536987305
44.617576599121094,1.1250638961791992,4.079189300537109,6.068902969360352,-6.523353576660156
44.64460754394531,1.1492156982421875,2.191662311553955,15.499744415283203,-37.898807525634766
44.84018325805664,1.0661054849624634,1.8000468015670776,14.465278625488281,-2.9225821495056152
44.840084075927734,1.0885400772094727,6.373648166656494,24.067014694213867,-19.01140022277832
44.7989501953125,1.0830050706863403,0.6225741505622864,9.99147891998291,-9.538935661315918
44.81831359863281,1.1018378734588623,0.5701740980148315,-1.6754051446914673,-2.3550570011138916
44.86209487915039,1.0888532400131226,2.3135733604431152,12.682886123657227,-7.666623115539551
44.90968704223633,1.1182857751846313,1.5424795150756836,-4.502744674682617,-7.375057697296143
44.8813362121582,1.1440510749816895,1.3137249946594238,4.793510437011719,-3.6097311973571777
44.8573112487793,1.1351196765899658,0.47008153796195984,-3.0914523601531982,-10.339227676391602
44.784854888916016,1.1265515089035034,0.4213891327381134,2.0174806118011475,-1.0027847290039062
44.84765625,1.166786789894104,0.712422788143158,7.7091593742370605,-1.053943157196045
44.908592224121094,1.126421332359314,0.5315505266189575,11.457259178161621,-34.34672546386719
44.96954345703125,1.1820876598358154,1.2143280506134033,0.4351990222930908,3.596313953399658
44.92905044555664,1.1895009279251099,0.8709986209869385,9.62641716003418,-0.7064093947410583
44.91986846923828,1.2036656141281128,0.7044862508773804,-8.268686294555664,-6.2634477615356445
44.92509841918945,1.2204338312149048,2.548006057739258,-15.701852798461914,-14.321833610534668
44.920223236083984,1.241227149963379,1.6538039445877075,5.373589038848877,-13.26915454864502
44.71791458129883,1.1722215414047241,0.5302639007568359,4.801543235778809,2.496739387512207
44.69795608520508,1.1738828420639038,2.758533477783203,18.08673858642578,-18.687501907348633
44.71963119506836,1.1860308647155762,0.18225309252738953,3.520444631576538,-5.146039009094238
44.692359924316406,1.2136659622192383,1.3439840078353882,10.979487419128418,-5.710875034332275
44.70857620239258,1.2337349653244019,1.6072114706039429,-5.9995317459106445,-6.696597576141357
44.88502502441406,1.2582329511642456,2.831190824508667,38.494171142578125,-10.292924880981445
44.871337890625,1.2946714162826538,0.3089897334575653,0.6154466867446899,-6.201245307922363
44.52692794799805,1.1217626333236694,2.650006055831909,-10.403470993041992,-7.070311546325684
44.475379943847656,1.1211473941802979,1.1826480627059937,3.365192413330078,-10.061532020568848
44.500057220458984,1.1361725330352783,1.8307570219039917,10.260030746459961,-5.836724281311035
44.42334747314453,1.1086376905441284,1.2082841396331787,-1.0856552124023438,-2.1524128913879395
44.4563102722168,1.1125627756118774,0.4920704662799835,-0.4315228760242462,-7.085254192352295
44.4035530090332,1.1288455724716187,4.5373077392578125,37.21610641479492,-35.46025466918945
44.56340408325195,1.1493233442306519,1.1726113557815552,-1.9912234544754028,-7.709212303161621
44.591835021972656,1.150684118270874,1.7336610555648804,36.68419647216797,-24.714351654052734
44.566673278808594,1.171156406402588,3.4188404083251953,61.80172348022461,-7.495019912719727
44.55427932739258,1.1780235767364502,0.5426687598228455,12.007091522216797,-9.678175926208496
44.555667877197266,1.1817373037338257,0.5192396640777588,0.5490646958351135,-2.838247537612915
44.58888244628906,1.184798002243042,1.720460057258606,13.688109397888184,-2.7644972801208496
44.625030517578125,1.2125585079193115,0.2331262081861496,-0.8044723868370056,-2.6077024936676025
44.5987434387207,1.217518925666809,0.5178525447845459,1.301657795906067,-1.024735450744629
44.49604797363281,1.208482265472412,1.76645028591156,7.565901279449463,-8.794894218444824
44.525081634521484,1.2122007608413696,1.3887443542480469,0.44117745757102966,-3.2459542751312256
44.57697296142578,1.2112386226654053,5.7412872314453125,-6.221073627471924,2.6210877895355225
44.565879821777344,1.2165447473526,1.120497226715088,-8.038731575012207,-10.597333908081055
44.583011627197266,1.220800518989563,2.828249454498291,48.440006256103516,-11.176526069641113
44.55213928222656,1.2289153337478638,1.67946195602417,-0.1305307298898697,-1.0209510326385498
44.53520202636719,1.2364171743392944,-0.00024252331058960408,-0.2889130413532257,-2.635058641433716
44.54050064086914,1.233475685119629,2.706322431564331,3.30886173248291,-1.0145807266235352
44.54738235473633,1.2509210109710693,0.9323711395263672,4.543680667877197,-0.4288877844810486
44.38222885131836,1.1813738346099854,1.2579302787780762,16.335189819335938,-10.251581192016602
44.43220520019531,1.1957002878189087,0.15716153383255005,0.4652257263660431,-0.12595316767692566
44.366844177246094,1.1967021226882935,2.088188886642456,16.609819412231445,11.158835411071777
44.352203369140625,1.2000528573989868,2.349327325820923,17.677888870239258,-7.1935601234436035
44.360389709472656,1.208681583404541,8.970812797546387,53.47366714477539,-118.68185424804688
44.48055648803711,1.2025434970855713,3.2374165058135986,47.246402740478516,-22.461034774780273
44.50422668457031,1.2740888595581055,0.7965761423110962,12.552777290344238,-9.857961654663086
44.51511001586914,1.2698575258255005,0.6407754421234131,3.248676300048828,-1.4619911909103394
44.427616119384766,1.2747902870178223,0.6328631043434143,10.523111343383789,-10.983427047729492
44.42559051513672,1.3004772663116455,1.5860713720321655,11.843968391418457,9.043094635009766
44.47758102416992,1.295041799545288,0.45253726840019226,3.734361171722412,1.340738296508789
44.45509338378906,1.3165494203567505,0.5975225567817688,-2.7401363849639893,-4.140958786010742
44.48369216918945,1.3215938806533813,0.2810267508029938,4.447366714477539,-2.7452805042266846
44.626861572265625,1.2235500812530518,0.6259689927101135,18.982515335083008,-0.9872202277183533
44.66754150390625,1.2603826522827148,1.0049680471420288,-6.41646146774292,-8.943827629089355
44.668758392333984,1.2715646028518677,0.45733994245529175,-3.6028964519500732,-2.6926839351654053
44.60044860839844,1.2379796504974365,0.8753105401992798,-1.602602481842041,-7.526701927185059
44.65632629394531,1.295770525932312,0.30426210165023804,2.206144332885742,-0.3644605576992035
44.66109848022461,1.3019298315048218,1.811071753501892,11.100936889648438,-11.885201454162598
44.73599624633789,1.2964985370635986,0.3255150318145752,2.572901964187622,-4.773072719573975
44.704124450683594,1.304256558418274,0.9251798391342163,9.908321380615234,-18.405458450317383
44.708473205566406,1.3473472595214844,1.9469618797302246,5.507856845855713,-22.32547378540039
44.70631408691406,1.3486247062683105,0.6570923924446106,1.3441243171691895,-11.234609603881836
44.70956802368164,1.3468208312988281,1.9591434001922607,5.381283760070801,-22.55926513671875
44.666725158691406,1.3448677062988281,2.4093196392059326,1.1651431322097778,-27.412403106689453
44.71487808227539,1.3746877908706665,6.59998893737793,41.015323638916016,-39.88859176635742
44.55173873901367,1.3325234651565552,0.25358694791793823,0.5049322843551636,1.4539250135421753
44.633548736572266,1.3346081972122192,0.48426011204719543,2.122899055480957,-0.2806525230407715
44.5745964050293,1.3427971601486206,0.13854414224624634,11.46182632446289,-7.697873592376709
44.531097412109375,1.360136866569519,0.7229545712471008,5.73819637298584,-5.5010223388671875
44.5645866394043,1.3616732358932495,0.3010733127593994,-1.9060324430465698,-5.160928249359131
44.56333923339844,1.3948196172714233,0.4343309998512268,9.60399055480957,-0.6647879481315613
44.56029510498047,1.3900009393692017,1.079654335975647,3.4335057735443115,-0.7820523381233215
