ra,dec,gaia_g_mag,gaia_parallax,sdss_z,separation_arcsec
253.587776320645,35.19687847185826,18.129751,-0.1044361125063195,1.502469,0.10608098350044604
253.42278557703216,34.82201092315185,16.53934,0.7791896650150932,1.402175e-05,0.19190182113235543
253.35732430219255,34.70816107222887,15.869571,0.6179410360290487,-0.00017378708,0.09471564961597226
253.09183195251052,34.76142042487056,15.278209,0.3811802298545604,-0.00014439833,0.03850592491268695
253.11502747710162,34.788844725252375,17.065039,0.20138908713298104,-0.00017632384,0.08665622578584928
252.96174781212522,34.60630176960596,15.402584,0.227002078211978,-0.00061056117,0.10923031632077465
252.96107678145754,34.9715392582157,18.983803,0.12845643563758996,1.66609,0.03430692456937686
252.78685936668938,34.94270559114176,18.207523,-0.1288981744665303,1.5422235,0.012413383401483338
253.039295264559,35.17691330469632,15.469203,0.12344909240528767,-0.0012614566,0.1641954199960609
252.7603397991443,35.29939833106341,16.855024,0.23444945731982564,-0.00020730731,0.11814793208684446
253.85397720794904,34.868534177347705,18.373919,-0.0043283645703568185,0.032058064,0.009272242547509062
253.34417141570688,35.35993541855642,16.651215,0.25618080774204727,7.755287e-05,0.15932689157891664
253.48371568715368,35.25529297270869,18.317501,-0.7100696172891903,0.03727098,0.0746939725831261
253.1534982453061,35.57688262240525,19.013988,5.326701250895512,-6.218734e-05,0.9222011734405233
254.79643855650968,33.670883148366876,17.203718,0.10879832206113502,-0.0007911301,0.07712259215097343
254.79336906337915,32.75327822976413,15.986942,0.811245321988056,-6.1241364e-05,0.09265078679671047
254.70291959198957,33.43271430074966,15.293028,0.29729108216142186,-0.00024752461,0.060129796915994564
254.84069392993052,33.111978621137794,16.060282,0.20601518821049208,-0.00031006313,0.14651172008546745
254.64877605028155,33.115039405224735,16.970078,0.47045180633493566,-0.00027693648,0.10877214427664765
254.28660447519601,33.74432311980941,18.974445,-0.2812842104139101,1.4286059,0.05605562243252259
254.33588986744869,33.51265922042265,15.062279,0.2714909981606005,-0.0005666975,0.08657276815595905
254.35848693223636,33.41130311865319,18.949518,-0.07435959684262888,0.87230504,0.017459410817032308
254.57663661282405,33.33080483365947,17.44572,-0.133828774245798,0.71664983,0.07988886647043422
254.11574140630464,34.0404794595123,16.230787,3.339081712576022,-8.700237e-06,0.554045592098559
254.010540339149,33.92682214082408,18.23209,-0.044576533874215646,1.5018815,0.04781827216544395
253.5939064800873,33.82157048698589,17.353836,0.2089483665898423,-0.0010280419,0.19293427251579917
253.73056269268446,34.71951368689607,18.559225,-0.12165668867091417,0.030252442,0.036921105404181594
253.42021982680492,34.38414739407428,15.457361,0.07795366708276527,-0.00035318968,0.2185448042527529
254.1969597930473,34.17565738726906,18.316433,0.12096227485949518,1.0822773,0.08742045759363769
254.55047062197133,34.16966411673344,18.011627,-0.1879130011227774,1.6641858,0.033568867736464295
254.41470032942757,34.191356103835474,18.340092,-0.19430278195795667,0.7052636,0.030927649832200504
252.66710313420435,30.97769211450058,18.715137,0.006563016320377507,1.6316991,0.07465848887423289
252.9040586176989,30.719258594586186,16.298376,0.41379648088242676,5.7157104e-05,0.019924185064027215
253.2517709116763,30.21335180309214,17.1692,0.533448921510679,-0.0007658452,0.38256585926091646
254.25693279493328,33.60871961810737,18.982725,-0.18142474455977983,2.3924227,0.1305016084616145
253.70630136224293,34.28725770542684,17.014666,0.891016719997434,-0.00011599908,0.09115602538187564
253.52679686890338,33.62588259628604,17.550983,0.9707946910459629,-6.623386e-05,0.1255532520190933
253.3390420664714,33.23132433906485,19.320011,2.6942656453622873,3.8272734,0.09783399254159053
253.24903177698278,33.586673815654805,16.865376,1.1178736552389372,-0.0001456653,0.05002104483776246
252.24317280596972,34.01665180183171,17.686852,0.0800657451803439,2.1435196,0.04441827707882694
252.71285268652818,34.7196348482096,18.636011,-0.011844738856606309,2.004558,0.04001431805862841
253.23501300823594,35.3237671121639,16.844229,0.9906685799581137,-0.00014304924,0.141865133602036
253.4413212263772,34.704044637294224,17.192705,0.8054792881348914,1.08723125e-05,0.098572585548308
254.37813299966004,31.515511681855614,16.96173,0.6919673385123069,-5.6535468e-05,0.07976299925358771
253.99798748528912,32.01813907125376,18.935379,-0.10991302419599722,3.2527235,0.10245965723430628
253.91216268706344,32.01039572201735,18.547548,-0.14253306934674012,2.1943495,0.05415139102877059
253.37114646032595,31.333748887763257,17.374165,0.693320744213686,-7.8182675e-05,0.0727016424278882
253.4411550610049,31.375958318926532,17.202755,0.8848704150071606,-0.00019709342,0.12939030234036283
253.23274840936955,32.14759167828522,16.708635,1.0328478204931775,-4.825001e-05,0.0625515882902603
253.21655310664335,32.75736640816905,16.712503,1.000179690177551,-4.5336597e-05,0.13924858870635595
253.5592018066604,32.57000961549036,17.126541,0.9282830241143143,-0.00011610625,0.18124006769680018
254.13828384069774,32.77223381206142,19.035576,2.7651496248606415,-0.00010240946,0.033742106791494676
253.98895739283753,32.30153113251884,17.669584,-0.0020431751491246652,1.33843,0.03998540370200464
254.40713384408454,32.567605853585356,16.578987,0.9479418588521312,3.9581846e-05,0.13430368670599319
254.86839548811804,32.745311931997385,18.673477,-0.00016057850498374382,2.9605362,0.04740942475859652
255.07158097304804,32.95172205278181,17.571386,0.07370266092057097,0.9008453,0.046219902825875285
253.16805746182158,30.1641213847657,18.88361,-0.06937152720391593,1.9220603,0.028530436630324247
253.37462762158043,31.132464541619715,17.248875,-0.022760981943904832,1.2969332,0.04290813892397432
252.29688510967696,30.92141591760386,16.958136,0.9974571251611472,-0.00019479894,0.04827775086864039
251.56078776558073,31.72646453061362,17.216713,0.4789478672915517,-0.00029680153,0.008784868982680757
251.81928054286533,31.548477070188973,18.48283,0.006861392870074805,2.4920259,0.05224871132688647
251.93417518138972,31.676262402916024,19.381159,14.678932116803988,-0.00031739508,0.5814142109731523
252.10933024056632,31.439642513897926,17.972914,0.1382509305251063,1.9790068,0.03044962409881368
252.12457770240815,32.17497408977618,18.531223,3.649475063681822,5.5695862e-05,0.06254491893998976
252.45868380287553,31.405997478459152,18.887243,3.1546143053822937,6.281272e-05,0.13804011574677305
252.37542017045257,31.93092685083228,16.80478,1.1784127363331725,-1.6260052e-06,0.11186535402165207
253.6456111258699,31.714310591238558,18.896635,0.18974731211222057,0.90557736,0.027645718660386245
252.17228102661167,33.172725836802236,18.881935,4.110250422309686,0.002426296,0.3285657598430935
252.0524625538654,33.198281822829436,18.661526,3.1755402651190328,1.7772783e-05,0.3667903237431591
252.12112519316202,32.58664724787107,19.113644,17.525657784523336,-6.1922634e-05,0.3569371075363388
252.0412188632711,33.520426271126325,17.187311,1.1370935902117147,-0.00012966496,0.14920291146359266
251.6830969455301,32.171901882411966,18.11589,4.406924150852887,-0.00015620625,0.10168985298175132
251.47612366748564,33.28809227843285,18.718035,-0.14430464104867435,2.4757786,0.08783458876309767
251.43311466168075,33.485890341897225,19.694725,4.5061267774514215,0.00017234626,0.29292643246944083
251.37982543422382,32.03485091185806,18.50698,-0.02342933538657341,1.9526337,0.03934832938710793
251.04829256821077,33.01982734872417,19.224937,1.9751696392088158,-7.922324e-05,0.10209419554648252
251.42574638395794,33.61991265477328,18.681267,0.09977174995412545,2.8830943,0.039677754629482226
252.21161709012492,34.306189541195955,18.815851,0.08555670057221211,2.324736,0.08160836543495048
252.45825194606545,34.023711995344826,18.55687,-0.1806381953362763,2.1941257,0.06772214469481014
252.73022305829366,34.3049956847517,20.032145,6.121481148535976,-0.000115558796,0.37319331147833984
252.69976761019993,34.50929332390127,18.571331,-0.021198190944391744,1.8113483,0.054888738726530245
255.61608422419695,32.65555144804814,17.634054,0.05086669080599187,-0.00051191077,0.10515636456222373
254.95496733353596,32.71280945389405,16.88212,2.39506612262044,-0.0001428314,0.47330293684963204
253.9971541420767,32.173904841212355,18.494608,-0.08877796832879661,1.8999785,0.07560128877946531
253.96624628064114,32.416892234864385,17.785992,0.05008412656866436,1.134679,0.07938475369236689
253.48194119637085,33.875623152329894,17.175451,0.06554127409922167,0.00053106097,0.03435012717551361
253.6300982695143,30.949834024426373,18.718573,5.656802615744596,0.00027852564,0.19394210501369016
252.35691561338393,31.159101567037986,18.401724,3.5553882099308556,3.0296527e-05,0.4153341069998166
253.09223037482033,32.370617853805136,17.888817,4.651681370605188,7.019694e-06,0.48520773361194464
253.1778701932503,32.266262852508866,17.59058,-0.07100311411560804,-0.0008032198,0.10072264232950243
253.28614619348357,32.53594780531685,17.573936,0.12224929491616755,-0.0007469786,0.044469018988605565
253.06360440018852,31.901338835884022,17.486103,0.005666800969620774,-0.00013804651,0.03299488143733634
252.53825991117932,32.3292720169956,18.5453,-0.13488132272664832,3.1668236,0.08652912431653685
252.18043776687708,34.119069030666346,17.466877,-0.10161696353346886,2.4631724,0.02731996484226234
253.6497656348813,32.624313682480526,17.098186,0.49197293127653985,-0.0001420998,0.04362435829001822
253.81843204957863,32.87972435732829,16.913858,0.8698489305838628,-6.14365e-05,0.049502975416438985
253.61660320314303,32.78758282573513,16.000965,0.4448870319546313,0.000114111834,0.23123065403739376
253.93650824571435,32.767055513378686,16.787384,0.5827156933823889,-0.00014040415,0.43520884724469316
253.67107017873755,33.11081555236027,16.439232,0.577697806080723,-0.0005201801,0.510135689333924
253.7248650229601,32.91980036153134,17.39796,0.2011312159179762,-0.0008226064,0.04824212234948213
253.7375011767537,32.902721465895965,17.580803,0.4043504603903828,-0.0007653149,0.13664169924589434
254.0547288640779,32.970249291967974,17.490417,0.5314163074305175,-0.00032145318,0.085498229808879
254.11969550290956,33.046641316965164,17.638428,0.29630523549921206,-5.321783e-05,0.07930269046181711
254.10565012740398,33.83353927199078,17.003487,-0.007828290315284328,-0.000696314,0.029638829302063102
254.0038777555203,33.3694507934961,17.601803,0.13967462511399903,-0.00056441233,0.05355853103678762
254.0070823757184,33.34540678245468,16.384249,0.046146796512382106,-0.00043688292,0.07847884069753003
254.4543911178124,33.538081749035875,15.757595,0.052444196550781315,-0.0004658561,0.031664597405717296
254.1713058364124,33.760429484566885,15.529711,0.15016665613929148,-0.0006967697,0.06543036659184324
254.0294328545829,33.244883834793995,16.253706,0.5730558887153792,-0.0003797418,0.0688425843648756
254.2249873744495,33.659645859909446,16.552454,-0.3885994426384175,-0.00032717813,0.05456977452811667
254.51373014034633,33.45451603334289,16.518621,0.7881484069694702,0.0001692099,0.20097405202819893
254.3784223832629,33.53874716897804,16.358877,0.7929253675070993,-0.00020921706,0.04524123605241092
253.37488844500464,33.10285115493766,16.688997,0.7688773176506364,-0.0002165215,0.10767682664166153
253.45639112707042,33.105739355055256,16.917723,0.02821144609852595,-0.0008186743,0.10305596642083022
253.31150909367335,32.96700153353729,17.034565,0.3552681070887213,1.38352825e-05,0.04855648933450189
253.52439985420196,32.670802863659745,16.18177,0.18571032109667243,-0.00081436476,0.09755494151921126
253.4521911471858,32.767915431493684,16.074354,0.10662388963205459,-0.00014412856,0.16783428725644206
253.24427875461035,32.72349837421212,15.613226,0.7429563387571674,-0.00026543476,0.1274415623934201
253.4262419117059,32.85719195015318,16.814003,0.026502093306285973,-0.0010179541,0.08493815541713667
253.52690864207327,32.77850151669389,17.301565,0.5416537592603229,-5.4682238e-05,0.0068341692205171715
253.32337584811017,32.56024516800091,17.63338,0.3170027836909917,-0.00044955846,0.3500197806248492
253.9277699454077,33.5269657633006,16.68973,0.5810301617534905,0.00017489002,0.04405242246792141
253.84312148081364,33.34382596781346,16.66018,0.6420411885437195,7.1364426e-05,0.022167808990911878
253.7852385821419,33.22703808451635,15.746441,0.23472652098739508,-0.0005886683,0.0269118764984499
253.96042103010478,33.63773976512492,16.455135,0.14491239671400408,-0.0005362073,0.193009938539694
253.64995648466012,33.93061686514828,17.2488,0.5603495585755339,-3.7797145e-05,0.1903209699706943
253.1008596029669,32.42032499135374,17.24305,0.03139702379301219,-1.0291717e-05,0.062087121170221346
253.21823981674723,32.735146407175314,17.10657,1.0320356289194046,-6.834541e-05,0.25239717115013
252.93813970327523,32.52834055491831,17.422297,0.18807093351922713,-0.00010167403,0.07300237867191028
252.99610949816707,32.46237284450561,15.949112,1.1072238289634397,-0.0005110392,0.2721120424798949
253.10029685917254,32.517654272498746,16.250559,0.12350961249510625,-0.00025947113,0.0925251972811371
252.92527725480306,32.73247918066183,16.793322,0.6591423566894834,-0.00028603515,0.10957472439572472
252.95039687561385,32.810705052155015,16.957947,0.17397468976986533,-0.00048042944,0.0570234621613881
253.07620621699243,32.7013428284625,16.961437,0.6725082489656631,-0.00046132173,0.600669712001011
253.12660965355033,33.07065285952872,17.520784,0.5716998691601735,-0.00022486864,0.3515064465793068
253.19960361771035,33.569891821321626,16.717434,0.17578880157644589,-0.00042711222,0.20994861634446607
253.55286061150105,33.445308140651804,17.494543,0.03418574400847319,-0.0003642873,0.12831422570335022
253.47423699059806,33.32114538605666,16.098524,0.16843067613664556,-0.00014908078,0.08222825413041099
253.46142574697186,33.41264334708748,16.364857,-0.01323489044411072,-0.00058231154,0.04827404336293243
253.42137170021778,33.62274694118252,16.640293,0.5499570903521067,-0.00083195255,0.3739257849211625
253.38945201318208,33.761760859111725,17.444696,0.045443344700183304,-0.000581284,0.028927250873220196
253.58213673027805,33.256419296417974,17.594358,0.541251305551968,-0.0004147131,0.024712066630517806
253.32819150845452,33.932390486503564,16.963726,0.4536768476899048,-0.00014332056,0.3144805445257502
252.64834993653102,32.87064471760882,16.930597,0.144896169612797,-0.00048332528,0.06287053846485678
252.73823907139092,32.615211626168936,17.189753,1.035464699546508,-2.8761368e-05,0.14680742588031073
252.78104954590995,32.75135613154266,15.877251,0.9329291655017213,-6.685026e-05,0.11669583282217204
252.90528449157145,33.00797905548653,15.617014,0.025814147309145767,-0.0009892224,0.038656046187720346
252.63233706656126,33.02181513677495,17.017525,0.3784812748411355,6.677507e-06,0.08154670160635259
252.79851197358371,32.948001606502274,17.248003,0.292843013823121,-0.0008122283,0.1858790531176652
253.08961318771892,33.15455245699357,17.403812,0.5251887927186754,-0.00045969686,0.2483783267721607
253.0139421997112,33.633864171815546,17.610313,-0.14765526183799885,-0.0010093915,0.03953071442310707
252.9008041468278,33.679663001945606,16.1986,0.21106309564049872,-0.0006957476,0.08040322388249499
253.10946057279224,33.69481648465416,15.319369,1.361335098602751,2.035783e-05,0.21863579457727778
253.0860887919858,33.78468014985083,15.770229,0.04091553892004504,-0.000109783585,0.12791056817819974
252.9965971416771,33.78884117274723,16.921339,0.09315033266751258,-0.00068005495,0.11406180514007973
252.98367931174096,33.583674727670825,17.34962,0.29584375199525137,-0.00018763934,0.026261630982551555
252.90703374943766,33.57734504884712,17.53316,0.5441647680918016,-8.438862e-06,0.06525757237234883
252.89137174524626,33.619423487791416,17.546854,0.24984629005245496,-0.0005599648,0.07221018178294696
252.5496383001852,33.353954437324354,17.457462,0.13358190817674623,-0.0005015522,0.06939763982748778
252.74778326237396,33.328826742888445,17.507616,-0.01338655678999627,-0.00067565165,0.06079339033233119
252.5882108463449,33.817131821973916,17.159136,0.4143312502796297,-3.0441486e-05,0.0573639053281761
252.782361753986,33.8025559798242,17.17478,0.27698747750440444,-0.0007937086,0.30971708093162476
252.65059981728638,33.59821097763889,17.16666,0.892368147202959,-0.00013633168,0.07645467035323833
252.621237999571,33.643565815314375,16.530245,0.15260918392840253,-0.0007081924,0.19270431666226417
252.80802723812545,33.37578277326035,16.850843,0.042680785621611615,-0.0004948512,0.053573505155879886
252.78715286475807,33.38108063797261,16.467133,0.7780768625196519,-6.784397e-05,0.07116040998756798
252.6983060708111,33.63001030266404,16.708122,0.4067214805183867,-0.00042629763,0.485122680664421
252.59337540846215,33.738083724087694,17.132572,0.22554960310048383,-0.00042390727,0.22197246666841572
252.6205126764272,33.88413258882551,17.317904,0.58117994837213,-0.0008907365,0.19624444041613706
252.70508768851008,33.84119000224995,17.341713,0.6136560373414361,-0.0002212514,0.08814424126061943
252.8621546439662,33.64511346370573,17.268953,0.7302611491259667,4.088811e-05,0.046321900897978274
252.2654953921834,33.62810011182249,17.556702,0.08265987673480688,-0.00053537317,0.032304240784201424
252.48644020342854,33.72841395477156,17.272276,0.04550862910507463,-0.00018308686,0.10254473192316978
252.37306233980516,33.77356908968376,17.300743,0.11509124288187697,-0.0009319106,0.15846827256419005
252.50843208937803,33.40295508343773,17.184982,0.476967046242017,-0.00022244759,0.17261387570871703
252.35619458225014,33.3644409070128,17.311546,0.09734282388212269,-0.0008720133,0.05264167697357075
252.37392707193288,33.39609764094574,15.945924,0.35069519720722364,-0.00012942943,0.05271687006041688
252.38957693126372,33.46839738750487,16.245058,0.0248818539722081,-0.00011934802,0.028913002366849096
252.47446003207537,33.63926953921193,17.073925,-0.04844350444096464,-0.0006913416,0.12046556718536067
252.25728538385235,33.916820497478255,17.397594,0.7018551320975865,-6.751992e-05,0.16895252931158597
252.43807571055353,33.92635953129508,17.459503,-0.004336738427049278,-2.7311284e-05,0.05249005339761061
252.35599560556668,33.78053010552409,17.640724,0.3340289379908734,-0.00023240976,0.21531323039279718
252.51830504968927,32.996622068125816,15.89628,0.07940391435995969,-0.0006370547,0.016757972542938298
252.5045049424516,33.13230255393685,15.8894205,-0.01732018225488588,-0.0011264096,0.08992903966966066
252.27678935031517,33.16438324238936,17.154057,0.5378537701662639,-1.8895662e-05,0.03220932001221828
251.80430618500426,33.877268251010264,16.433117,0.13227274391605282,-0.00066441495,0.09333397632650743
252.14521645544437,33.21957199796084,16.449186,0.5903236538915837,-5.62136e-05,0.11125897690870883
251.95045504985598,33.53341693872855,17.335691,0.2916682574752281,-0.00023615843,0.09100001172071334
251.69889436308,33.70664965206271,16.264652,0.967319699803393,-3.096029e-05,0.013938529212346612
251.98543711691397,33.67201225499748,16.171448,1.2149504549616104,-7.791455e-05,0.11717068504907606
252.05697708792331,33.97309710530768,17.529526,0.932466097470341,-9.0582565e-05,0.09996247276628042
251.83976589000355,33.77673499061547,17.40523,0.3307278411222091,-0.00040071612,0.18447765971047253
252.0151661596793,34.02735271924085,17.165306,0.6774205470257845,-0.00012499957,0.023562702636161368
251.94511098976807,33.94758586781318,17.495924,0.3637461946582139,-0.0005747191,0.3212227165144434
252.14302568306294,33.06614766691948,15.817718,0.0922146144156109,-0.00031417343,0.04360832484300593
251.98468054924584,33.03866781486338,15.714165,1.174181339606689,-0.00030443157,0.38362941323103117
251.82825374908822,33.15025094713689,17.130903,0.03658034127744242,-0.0010003814,0.07113086327520478
252.04247624651327,33.02393357032599,17.356657,-0.08574760436615995,-0.0005637772,0.08839626048765636
251.41493793253977,33.74178291079527,17.377432,0.6605626119031891,-0.00019434749,0.04050519321780556
251.38622080672147,33.564261370172666,17.486574,0.5530715449744223,-0.0008645097,0.33504824093063934
251.61856158592457,33.270719052708344,17.532278,0.08566480681388156,-4.972126e-05,0.06800792971295005
251.42299270195153,33.901659399232116,16.91184,0.35936184664655557,-0.00018945168,0.37123429690283166
251.38079280736443,33.53578203828307,16.443195,-0.02979972616555239,-0.0010907464,0.016564323398255327
251.63022978519962,33.62610683416876,17.566206,0.3109742519707208,-0.00026780163,0.16074629798167062
251.63470290202432,33.473279924043695,17.270924,0.02320420895650377,-6.2839994e-05,0.08175398809548219
251.58706450249315,33.997518894555164,17.069757,0.010310189373933257,-0.0004587355,0.07995774900127654
251.75274028667428,33.062805207967926,17.253233,0.5450402235588194,-0.00020012214,0.128782943285792
251.87338167460126,32.68317043773761,17.048271,0.12606095481063395,-0.0008519444,0.11373738306384766
251.57417126065275,33.26449337905389,15.065693,1.4945894149047458,-0.000697707,0.8303050402570519
251.67607912678181,33.21656645919887,16.880323,0.02275267691236811,-0.00020495606,0.08909330649142559
251.6510029697191,32.77382450133535,18.869831,11.44933027808455,1.237896,0.646473493262422
251.5060723494047,33.26669412436128,17.22172,0.12866689567768294,-0.0010866357,0.073355819558332
251.28813122046094,33.679607868449395,16.746883,0.4842711972520537,-0.00082144456,0.3730653598335551
251.13864405680138,33.4599297702203,16.289537,0.2555495443193109,-0.00010568125,0.1090970086028035
251.25637521925975,33.31371192892765,15.5908785,0.10185104819869627,-4.760995e-05,0.0969438811728248
251.21761177432015,33.69040234293547,16.897596,0.4220856221884562,5.314624e-05,0.22562803621609281
251.16351874071196,33.6501908887825,17.36164,0.46642940499874674,-0.0002743672,0.11206394307662035
251.2367597745157,33.700754216573024,17.40536,0.1782674083242752,-0.000399256,0.039169742227158716
252.27163603689394,34.67995154587269,16.815487,0.41694489849100425,-0.00016080085,0.3830111998776775
252.41344353898333,34.792342125080424,17.122322,1.088691678875322,-2.2082877e-05,0.024194949346168528
251.89095952141648,34.40080564801252,17.214668,0.9552012974559375,-4.341982e-05,0.06354874728295827
251.96141354408957,34.06272178700125,17.369177,0.10804062797721302,-0.000402655,0.07509035029835757
251.8144128052592,34.27430181295377,15.330687,0.08507777007141704,-0.00084785465,0.030890243332479413
252.10975109978793,34.06057820366112,16.35982,0.6878110060438194,-3.3483953e-05,0.05483137317185272
252.7304850060498,34.798021983054056,16.878681,0.48283389737564336,-0.0005397797,0.4721797082560762
252.73197272366207,34.74943839265977,16.863651,0.1400877691200667,-0.0015364761,0.03150977318628299
252.76174637234237,34.74717586522139,16.7044,1.0722821410457566,-1.7441167e-05,0.07924146963477849
252.83609250115376,34.96531799747579,15.304756,0.612623969829932,-0.0001420424,0.08313719382343539
252.7858802332287,34.86651599549194,15.610065,1.2741672488635445,-0.00032851181,0.05987125376614698
252.74960490645628,35.01408701306815,15.642212,0.09907351915231397,-0.00027154497,0.07708852842629449
252.683715542076,35.031084113506544,16.343473,0.05803756236971602,-0.0008364707,0.12922195268792586
252.76581626298398,34.99184732970194,17.37336,0.3205172418299172,-0.00030616883,0.11055884031426283
252.74719259670087,34.95981899435703,17.518326,0.027927728443738496,-0.0002922742,0.05440351781638347
252.82302477612924,35.35018739991865,17.566162,0.5709223983479775,-0.00018333338,0.14128038175961247
252.74152141370925,35.05502693446732,17.627293,0.5012959342192533,-0.0001421874,0.02933327983037971
252.30344498855004,34.674830858742496,17.589764,0.5035220734740288,-6.558689e-05,0.07963854141779643
252.44433780723364,34.22796797367887,17.135227,0.3262287824826229,-0.0004019535,0.0991042255800754
252.31425217141927,34.42136698516586,15.87723,0.03370283118146283,-0.0004277197,0.019170462604103284
252.2659617467277,34.30240439109301,15.95886,0.9000983712714096,-0.00014369946,0.19227811489794625
252.34272697016345,34.16060867770721,17.049368,0.1182060171915857,-0.0006969928,0.041747554809891875
252.17007264021632,34.57850712035446,17.488241,-0.03992583409659475,-0.00069774676,0.08632218729498276
253.09244263998184,35.10221446476323,16.344734,-0.06140164849477109,3.761274e-05,0.011797883915336004
253.16462435309145,35.33757847828763,17.421108,0.6234790213932178,-0.000927183,0.1350186285401191
253.11007187177754,35.33420358914457,17.529366,0.643054997734851,-0.00040247675,0.7602203821489896
253.07521462246197,34.90666137961113,15.689638,0.22277143926842757,-0.00063141534,0.11743628623367625
252.89125112878028,34.86937780869872,16.38578,0.9199943091404809,5.6342826e-05,0.045084676272223984
252.99557159695993,34.992275627750175,16.10293,0.08106306979634584,-0.00034994454,0.09323624311539154
252.97742499798687,35.13019792061624,16.99435,-0.5860901839661425,-0.0007469954,0.02078972191675162
252.8959130247006,34.84066229567376,17.584806,0.03454251027001258,-0.0011181062,0.027743293479080583
252.98748372767673,34.68250350194364,17.18105,0.8272231072145564,2.4518393e-05,0.016754466864189174
252.75892885025166,34.3256004383589,17.224834,0.6961155541991887,-0.00014792342,0.006204604026149128
252.82158872282565,33.92197646865057,16.99424,0.12829796839469582,-0.0006707541,0.29679863531790085
252.52470030093264,34.137341579634594,17.275402,0.4624593074082522,-0.00028196228,0.21942486288923507
252.5360504247914,34.35316241566524,16.972338,0.8247123447295853,-0.00038770083,0.02994037012070409
252.7172720385557,33.99028917601501,15.28066,0.34039810485271976,-0.00033110342,0.11361169213849415
252.7002389669887,33.929344886859916,16.05258,0.7404802043283215,-0.00039650072,0.3685817963352453
252.54503100434115,34.27349120325862,16.117876,0.19256756620597384,-0.00012157593,0.17880826558710355
252.8586843533936,34.05810806294379,15.633952,0.22758438789993568,-0.00042227242,0.20823905896968203
252.88642762199134,34.54747269924566,16.719873,-0.010583590916228645,-0.00014060273,0.07667277411815938
252.9056523836974,34.24170010624972,17.286589,0.15623514065366934,-0.00097342633,0.0452964775717881
252.60469816563105,34.26332578154685,17.011055,0.013576181636769397,-0.00027919764,0.06762461098228796
252.94128892438755,34.26753476899411,17.478987,0.5437755743950549,-0.0002296239,0.1520885933778414
253.13727160201336,34.27931714115834,16.312311,0.18568394912897285,-2.0101565e-06,0.1817649733255518
253.05309343420072,34.344117746311845,15.75854,0.07668127682772541,-0.00046016177,0.13718949646711412
253.0093634608853,33.990308045087986,16.285948,0.6946908967144148,-0.00032795678,0.7331188159156043
252.89321029499175,34.620422839537866,15.7262945,0.1080030283757457,-0.00043922596,0.09397894075805033
252.99272779052,34.354046069580114,17.521845,0.2897566085049113,5.9244267e-05,0.1136040301271825
253.08209586963164,34.2020194997185,17.071146,0.6438297390352608,-5.6841734e-05,0.11295831356480095
253.653438944195,34.068365813797655,17.287365,0.5405127663855708,6.567945e-05,0.08721566981993681
253.477661410842,34.52914077486575,17.193573,0.0760582465994146,-0.00050019904,0.15176775132179113
253.42250022792012,34.54506446255714,17.309517,0.03631351018774365,-0.0011939169,0.09156615049831501
253.53020667910408,34.540737977523676,16.409456,0.1550074071913102,-0.000371937,0.11356541886999069
253.73899755589727,34.05072764686412,16.441656,0.9452805530342527,-6.717629e-05,0.3470800769523014
253.45059653061892,34.17787827204168,16.203926,0.16181579151926961,-0.0007455251,0.1655855547307207
253.28145046147196,34.322438705815465,17.37453,0.46692545875076813,-0.00093048566,0.41737853252788676
253.67569203446382,33.97810613453199,17.612963,0.40945543055849976,-6.898004e-05,0.13597065439611525
253.36140499326999,34.60075706793824,16.29614,0.061676005620499665,-0.00075926766,0.015210967712734025
253.4790816053623,34.71718941681861,17.458223,0.25090513954260335,-0.0008885679,0.3128706970693676
253.24261070621256,34.96536914928133,15.147392,-0.004117049690397159,-0.00044833537,0.0037040876553751934
253.19301819214837,35.2200419241164,15.424187,0.25406331240782515,0.000106769476,0.2939318048665432
253.28198976575212,35.21909384312315,16.037113,0.19963443336147674,-0.00029766565,0.030104527123769754
253.2244397172854,35.32363963848792,16.83443,0.041891229537441746,6.1727456e-05,0.008541902893338406
253.23201391549875,35.034218940403925,16.955526,-0.10427147637484352,-0.00050619006,0.05031942837662475
253.84235971306853,34.36187738832681,17.613602,0.43715119311070944,-0.00044686277,0.6100778481542112
253.7707485567696,34.169899494489194,17.52762,0.41313119077580973,-0.0009044191,0.1802731145123951
254.00437964171675,34.01998267403273,17.60037,0.6120226029733976,-6.374036e-05,0.12493554351957124
253.7345072350386,34.3329442236817,15.724871,0.024477691290362327,-0.00038757507,0.11275209138826733
253.9666539570736,34.00331855065793,15.517828,0.11201108162707897,-0.0007088992,0.07822157297218513
253.99345127842847,33.963254180823526,16.27043,0.05441477244744705,-0.00050465466,0.049895262880065516
253.9348819729181,34.11546045142891,16.101637,0.8230288099337476,0.0,0.8051303924177619
253.9618111540794,34.0564871751498,17.467943,0.442165532008291,9.517496e-05,0.47387488592290505
253.7880665170535,33.961084067137016,16.639357,0.20580275251494767,-7.615534e-05,0.09035877444975066
253.87105791865338,33.941192372699376,16.884722,0.6673073488014204,-0.00024149039,0.09584075584630192
253.53846502546722,34.83986025588305,16.76216,0.44562644896274184,-0.0007840414,0.3658825047698956
253.60174401240556,34.72848520419865,16.170984,0.1839068895199766,-0.0013110143,0.41460288527997974
253.56649068990765,34.9598076622741,16.25824,0.029470863988811914,-0.00090431684,0.08497775359804935
253.5408213832853,35.067984645622026,15.234222,0.11839006291877602,-0.00115683,0.1192107772062174
253.75737998358588,34.81996336708961,15.911335,1.0665855461540996,-0.0010075758,0.7418934117897809
253.5573985324553,34.75557822502575,17.039299,0.38105068779731727,-0.00038053782,0.03509641223339945
253.55652642575694,34.824641441246115,17.15809,0.6320629414481936,-3.800565e-05,0.0625631098995899
253.51758664934596,35.039816476676585,16.950619,0.41704722712440884,-0.00071440183,0.08572109706526734
253.74832899125346,34.638139495070256,17.393663,0.5209533777272877,0.00018494355,0.12842613928837676
254.07627159948717,34.42305928096047,15.051689,0.008570413637856574,-0.0013146462,0.08895790995587316
254.17427250017093,34.44799522119545,15.301629,1.8793334537882884,2.8777047e-05,0.01691205761643769
254.15999083317786,33.99324470259535,17.00298,0.6141807782856591,-0.0011125089,0.37525283399334197
254.23726740281498,33.989166838739955,16.982944,0.39843012178171533,-0.0001271888,0.10376068919330084
254.2171759318585,33.983500529760605,17.409122,0.48633613928998715,-0.00010910761,0.1360501075254379
254.04765654493846,34.467327024002614,15.814388,0.9885019463223915,-0.00028175098,0.5193999633115683
254.38220178041655,34.15504683142215,17.504257,0.10030894196651137,2.7732198e-05,0.13750921104562625
254.4683423381276,34.02817219409169,17.583532,0.2720853415046042,-0.00022873028,0.0566888446003714
254.3713109115686,34.286581818993355,16.411379,0.5970120226342147,-0.0001690749,0.2276062648527686
254.6020717517009,33.97964263878702,16.04251,0.3401683090267459,-0.00026383917,0.11891245881130477
254.61564744978253,33.708109347576226,15.700276,-0.043594380147897765,-0.000678377,0.07695172181828623
254.4609044076076,33.702782689086575,17.623173,0.2019890376163754,-0.00018185719,0.11109187631223809
254.47853813049042,33.857821258686,17.55841,0.39160742301580476,-8.007013e-05,0.4378467406180577
254.4996227159467,34.03592407245769,17.632298,0.35129080558043563,-8.23899e-05,0.10638218604800415
252.55083470030957,30.57920685324663,17.516699,0.26923739560363835,-0.0006724009,0.09909904486761861
252.66718459453054,30.52022526103312,16.65894,0.045659092192974315,-0.00050280476,0.049196982567710275
252.79019832731902,30.687734875077147,15.832045,0.22136460146989487,3.7699898e-05,0.1301527793160375
252.844942610512,30.699028017348237,16.771217,0.8869346027183904,-5.360238e-05,0.5775622850978384
252.68195882638395,30.74761802506299,15.522535,0.20771994793137954,-0.00055755023,0.06796176950963757
252.5030399352249,30.731865877214528,17.327347,1.056246120730111,-0.00010933048,0.031148034535242973
252.75382615334414,30.541106023396935,17.08409,0.4537101016952773,0.00014115061,0.09367425180710627
253.13237893436366,31.07138723948318,17.55902,0.24967879835937556,0.00010462789,0.16836992693053723
252.7222038838166,31.314292310332913,17.50392,0.14813048905168563,0.00017036252,0.08733271984814252
252.77713348632693,31.26325741756279,16.978199,0.6458305607284028,-0.00010429022,0.3248723640090704
252.87044692108108,30.953370367174045,16.50255,0.23878599507844914,-8.507691e-05,0.12422382419941573
252.6846324431044,31.362353121471834,15.468694,0.10649918417517229,-0.0004518912,0.0812704303483888
252.76301704923412,30.891585744659675,16.833244,0.7285983072685291,-0.00013510231,0.14650906439969313
252.7246017314798,30.8700348994206,16.957691,0.6307864191923167,-0.0011429335,0.26620516036080594
252.8685238712481,31.255194418234453,17.32416,0.09962937621705742,-0.00059189193,0.08897866102387603
252.76108066655902,30.9843470380916,17.344955,0.5128421279201368,-3.7803555e-05,0.12561046086817973
252.40355112027802,31.248585662709303,16.90417,0.5182953605823336,-7.810045e-05,0.14313891950682617
252.5064409377309,31.333141660306374,17.332174,0.04417395200958753,-0.0006912232,0.09951715792540208
252.69759326940746,31.048033375464865,16.250395,0.5398397794215636,-7.0714486e-05,0.053225468130239394
252.49373149390811,31.280264745699977,16.200624,0.058322000016893805,9.419592e-05,0.06596827223971712
252.38594061749217,31.406314949868083,17.385023,0.7195092249927456,-0.0007564782,0.3796504440651521
252.63546907281616,30.97816132430969,17.41847,0.012440402142894401,-0.00092695723,0.1963918249027985
252.51671402796737,31.293047194544442,16.437775,-0.017565618048067062,-0.0006715698,0.05490376873038158
252.481578085846,31.36904085153144,17.526255,0.9066312272149234,-8.890987e-05,0.14151139914895147
252.29655818672327,31.180147660279264,17.583445,0.5174246917409026,-0.0002359166,0.14235757679176606
251.9918745211141,31.163304760344136,16.960552,1.1229653271151778,-0.00015861305,0.08458687034263057
252.13421568485506,31.235762027379067,17.035292,0.49555942825750365,-3.3461893e-05,0.1015736570458617
252.13189273948976,31.091551868369468,16.796535,0.752065108613851,9.765877e-05,0.08991054117964986
252.19868379847736,31.133671537990597,15.381338,0.11358795841703052,0.0004217292,0.024964208694449097
252.23988488750078,31.21239868124857,15.72115,0.09914422825023522,-0.0001705627,0.09365695553627362
252.25097202203847,31.35122453269564,16.271141,0.18905468632572017,-0.0008753118,0.26894050274725495
252.0533676063637,31.44079099628972,16.719673,0.05344762285005874,-0.00046519653,0.07324734985830317
252.16349850037216,31.416396860795228,17.274433,0.12995449425400996,-0.0011552727,0.022576243968790873
251.9977930413579,31.468282224975106,17.029482,0.9637086054991992,-5.4744956e-05,0.04014116407326265
252.13922509493906,31.076348222610285,17.567928,0.018748941429884543,-0.00020372157,0.03831023962721512
251.99144866645238,31.371203622722724,17.359571,0.43628964494125094,-5.859309e-05,0.06947630889020305
251.8316826296206,31.2949149515152,17.39945,0.6216479781750596,-0.0005113067,0.2590399566994139
251.9220576644776,31.231656537831064,16.947151,0.6033820620887973,-0.00024377258,0.2553087358901014
251.8547985481237,31.25620899144367,17.315937,0.19054927279126282,-0.0011142431,0.1499563109163812
251.75577625621307,31.44177791285303,16.942192,0.8651520136475703,-2.131271e-05,0.0787407143626614
250.64517982373644,32.77442482411762,17.487747,0.43990247003084604,-0.00046730516,0.10136051457477922
250.56583847750508,32.70791493738322,17.409977,0.33358292934244044,-0.00018917941,0.038754707554672155
250.79947856303423,32.7768115658001,17.039131,0.6322925123708478,-0.00047855047,0.2777316295867175
250.7569842180944,32.61404708441272,16.503836,0.9546477351618929,-3.2008134e-05,0.04303002314464286
250.53214388960268,32.72784972175698,16.711988,1.1023424445321364,-0.00066347525,0.9283798909448728
250.65557510601334,32.750066606889256,16.951603,0.6281612142457701,-0.0003397832,0.02018926743444479
251.1436382053991,32.49645069053811,17.1051,0.1014415119822436,-0.0012070979,0.10131265313572908
251.01882958972297,32.82033295333406,16.5906,0.6468646163301299,-0.0002702027,0.16563868970984472
250.86836962088725,32.86477304776668,16.109905,0.10196969212311188,-0.0009480863,0.03138517671422569
251.1863628365958,32.669936453178956,15.675606,0.02240891320976859,-0.0014006463,0.06439691077809585
251.1339196837485,32.74113594874432,15.990924,0.005550528264569563,0.00022070784,0.05346056124565676
250.94589795961133,32.684628844656054,16.003172,0.12243053537404039,-0.0005938165,0.12338950305778813
251.181726149103,32.53622894054316,17.309635,0.08095511175868728,0.00021140056,0.08832710151295549
251.25424495008014,32.72644731896135,17.151089,0.1569329322118686,-0.00065174245,0.061138312225020475
251.24992048609133,32.823119883279055,16.985184,0.0015099024861094483,-0.0010647952,0.0658702668493534
251.32277642394305,32.772118199436996,17.304121,0.053635001919937544,-0.00016473347,0.03690521864457864
251.2928931900282,32.96149867218228,15.988711,-0.0005317901608864056,-0.0012041297,0.10756523800493581
251.5197671131969,33.006567196450426,16.34414,0.8232052471307967,2.0428653e-05,0.08323688857616963
251.43597002864044,33.065856962084744,16.97555,0.36981857782222055,-0.0002782931,0.2951296449225156
251.61759022824532,32.57715527499916,16.05557,0.03281956427421376,-0.00029172824,0.013427866811331792
251.4198342498927,32.61856306584792,17.230648,0.39950807838416286,-0.00053842313,0.10364647073487523
251.4615023094609,33.0656801001688,17.027763,0.34657772353992794,-0.00025043392,0.5444463977629637
251.2887176223703,33.01059265892494,16.98073,-0.009307738947866784,-0.000782221,0.041454004818362776
251.279222958682,32.77036416101806,17.579157,0.5394002219991858,-0.00024081023,0.08480707225767532
251.55863987477514,32.39252094823838,17.469345,0.0906642289641778,-0.00034037034,0.003805428824718318
251.35776918875086,32.39989137258329,17.2131,0.388150417814082,-0.00048316648,0.3977971395500291
251.15739646837628,32.23155406749069,16.345373,1.2059347174127173,-0.00014549764,0.10511741241462039
251.23526593339486,32.17294282641158,16.256302,0.15596927875766886,-0.0005234616,0.04673532394097095
251.11730308420934,32.039717783975256,16.325422,0.14572908391187794,-0.00084653764,0.09670858824932858
250.8529302758661,32.40016701326388,16.426867,0.7815933609711049,-4.9313643e-05,0.3085520904021102
251.23567595703312,31.989995059882013,17.306479,0.01964619550267915,-0.000977075,0.014400533482135856
251.8033734765914,32.577744288721384,17.591469,0.16710831988577923,-0.000112867565,0.11208737977459447
251.63153925498702,33.03779684038151,17.367853,0.5808833514486867,0.000261158,0.05740996099411558
251.8439812952171,32.94967566558066,17.587793,0.04489620069804631,-0.0011203458,0.14525661809831142
251.87743887923304,33.00613344846901,17.14973,0.5885988070131922,-7.003737e-05,0.10608670575558435
251.70454932401248,32.988372303493236,16.64868,0.6200479214524566,-0.00021189838,0.1321231930285854
251.69247316861583,32.68196603125762,16.69302,0.6184874858424679,-0.00019949925,0.13798267512596368
251.63098616597506,32.85469048536865,16.108164,0.10938900072434754,-0.00035667335,0.09118553975632607
251.93436920009822,32.84509568601415,16.437807,0.8236056302482616,7.406899e-05,0.12311604188684314
251.87107327955792,32.80766536059658,16.359705,0.11074965001338172,-0.0007483572,0.14825090596628637
251.82539166432184,32.615619831928505,16.031385,0.11132193740126586,-0.00037226643,0.05057443062947565
251.74128243903385,32.560509204876205,16.968084,0.4001622151818415,-1.3277068e-05,0.1528502231596601
251.82042464185602,32.42028103604262,17.220362,-0.022786576323625934,-0.0009649594,0.06320368808112808
251.90227992192877,32.75080285132343,16.490908,0.46700483829471073,-0.00019857213,0.2066611613618558
251.48312782726643,32.20138490280479,17.611595,0.7169004056156695,-6.815546e-05,0.0819741378691142
251.47509881719506,31.90976211961932,16.069323,0.006476307308880988,-0.00075935904,0.0796280196535263
251.44007905732548,31.726823476513538,16.484371,0.11057853130060023,-0.001247955,0.13666402212143425
251.47035390007377,32.03885821504685,16.434225,0.13816474008636742,-0.0005087552,0.10928312323567098
251.36121120632941,32.079150290973836,15.674219,0.057739644360843244,0.000582545,0.06305010261246631
251.29922699362476,32.12104560411314,15.253123,0.12850893848288247,-0.0007499692,0.08663398311460291
251.44817167930253,31.783733833522316,15.827022,-0.034834337560850914,-0.0002901668,0.006636474718765714
251.2638803042443,32.17091616470002,15.519694,0.0020354474089744074,-6.3223975e-05,0.044288528785160666
251.26860874456963,32.01400891468143,17.419037,0.5118270271487656,0.0002585264,0.4027436479165668
251.50048981898314,31.71223991287083,17.299892,0.3028871485102804,-0.0003066994,0.06992855180178896
251.7246951912939,31.592839265437107,17.445341,0.06114929994372799,-0.0007729344,0.09995496632022474
251.97729661026156,31.880491773614953,17.419422,0.09386182828369681,0.00031984368,0.020683893226031515
251.72362115693346,32.079840114952546,15.856413,0.18451212941213024,-0.00024120268,0.04184157857508211
251.72389169195162,31.841165527806936,16.011894,-0.011180509454693685,-0.0005006994,0.03969652995647559
251.92152334077116,31.751106721207602,15.695074,0.2505557534054375,-0.00054691714,0.15259315784864336
251.6712010610635,32.387233491151214,15.769365,0.13638423933388688,-0.0005684125,0.12002452685563625
251.69357820393316,31.883855442556296,17.156353,0.03255791125255928,0.00035494097,0.06726006651340384
252.27019366134076,31.714655016705724,17.548286,-0.09404023950197204,-0.0009786199,0.02413394168624321
252.1429532732563,31.51110293653761,17.366789,0.13754214618120097,9.8888886e-05,0.01737113067699937
252.28996725311038,32.03495388908903,17.109453,-0.012433386345867659,-0.0005090525,0.04793794279189157
252.2349313555815,32.34824577279728,16.551134,0.6092705684436576,6.889026e-05,0.354593891206494
252.25267912313475,31.588851613546435,17.383253,0.5271240622668255,-0.0003393119,0.06517108933983556
252.24093177015484,31.53880476101597,16.032583,0.06262222636242343,-0.0008120945,0.056809658379564705
252.0722245669454,32.13273133535567,15.348014,0.10915815528496478,-0.00047339022,0.14122648018689485
252.33728462239483,31.667828017922126,15.475792,0.16866317964228808,-0.0005989843,0.2107158438848197
252.1020301396773,31.88121803554286,17.409264,0.22269636305606205,-0.0004083357,0.20371435598612878
252.1746716703963,31.779838394565044,17.621143,0.4551974729860397,-0.00026592298,0.3018238193976176
252.11554007995886,31.51081598643116,17.430199,0.5678476825126262,-0.0002629572,0.021552549376388168
251.97140759203276,32.89348310132672,17.498976,0.40380027735078494,-0.00014034571,0.45470869273748266
252.09528925690697,32.7267871972812,17.418911,0.0590053116212731,-0.0010118767,0.10731338775143344
252.11679952075352,32.64240320406521,17.290243,0.10937166551408171,-0.0006816688,0.07847881322309362
251.97517374916072,32.81497781031859,17.20679,0.8190134988182103,-0.00026643873,0.23755313624766686
252.02062013672295,32.82496064332455,15.306731,1.0088813787483155,9.113962e-05,0.1315857899636112
252.07302839923275,32.682581873213586,16.578188,0.27081498525047,2.9288132e-05,0.06552641970992662
251.93455133015513,32.861532544920784,16.186352,1.0986822127077611,1.2002576e-05,0.09789279492122223
251.9931732037784,32.79960769924514,16.69748,0.44708508602052793,-0.0001938285,0.12034262321140923
251.97937795099588,32.71744090427875,17.489382,0.3820649952609973,-0.0004351156,0.10610782629288543
251.99381976708358,32.67722358779433,17.331085,-0.8276016568381168,-0.00047382753,0.0898068617360087
251.99246115882386,32.585200765833484,16.938063,0.5145575145224083,-0.00022116826,0.2034357891653571
252.58886326571678,32.20867701838998,17.50147,0.4170786736022754,-0.00065393926,0.3043671435227906
252.60346313046253,31.640920184877352,16.978233,-0.03786898797880112,-0.0010925417,0.09104044186890213
252.54279373980916,32.22989369775391,16.83608,0.6227020412883373,-2.505523e-05,0.2736527867334446
252.58354403607436,32.14342784400469,17.258747,-0.04572728143243078,-0.0004135087,0.023544236241651452
252.3862347393639,32.25344290343604,16.303738,-0.009636086992665872,-0.00014289636,0.04303866157349933
252.53828604680555,31.75390441198705,15.499534,0.34389491392684485,-0.00014851344,0.2810277340319219
252.37675124237936,31.627746042295968,15.832166,0.26643786118837354,-0.00023008858,0.09722715732310348
252.35110652746886,32.06755615702682,17.19741,0.6045558117852556,-7.5085896e-05,0.03355108590906758
252.55010780377248,31.702073293884975,16.819399,1.1077043883978577,-0.00023303113,0.8405374322221925
252.48971882664156,32.07625178727011,16.486658,0.5431912049697989,-0.00075694936,0.3710386138040323
252.40285796183642,32.38382088211094,17.234278,0.43407586862404157,-0.0002694451,0.47513496546492046
252.25117509994348,32.57889098756045,17.064478,0.1028679544577679,-0.00039491613,0.09126344880578692
252.4414989823875,32.57250830466934,17.286476,0.9380884452117505,-0.0005399631,0.36430834447148314
252.1967229391827,32.65369837067549,15.241239,0.12076179610549573,-0.0004624239,0.15731801376883284
252.5490454418462,32.269480881522355,16.715157,0.6808330003506218,3.367442e-05,0.25981305548799544
252.424693375862,32.61033666854872,17.069677,0.4766002859957168,-0.00029546602,0.05063970151317919
252.26529851091232,32.4247231277833,16.729683,0.6089049644814342,-0.00012430671,0.17426972816873906
252.42665710875946,32.71797605396925,17.34783,0.6742169520785859,-0.0008810611,0.20232949569448247
252.17341022791777,32.52812825843554,17.38747,0.5511881908544378,-0.0011370275,0.2968280380872218
253.04124490282373,32.188563353287925,17.40156,2.646250668708388,-0.00011242728,0.15743921239939432
252.85558982883288,32.130550034547,17.592161,0.08588738115196601,-0.001398165,0.09262684198433266
252.70906324622504,32.20698784853651,17.481647,0.6630290776480326,-0.00014781857,0.08887211208376743
252.90021221601714,31.652337021593368,17.307775,0.3002176108948778,-3.375381e-05,0.04616297844474549
253.00720705727846,31.781994978658645,15.7506,0.08851849980223607,-0.0009442166,0.07621075154259406
252.77423310001976,31.417050772260673,17.541851,0.01935095842819439,0.00032600734,0.042486110703432965
252.75672507523697,31.764167459437743,17.327358,0.503886264994353,-4.186924e-05,0.1513117052041085
252.73711974058233,32.01336702700325,17.587414,0.14965435841141186,-0.00030643982,0.0449914939652691
252.44914506723813,32.83823784801298,16.198313,1.0138836923552452,-0.00020621026,0.13984631134893644
252.56547705296867,32.741348416386,16.907564,0.8331571961920898,-0.00023474336,0.5894110162669982
252.6336272057487,32.46564934992331,16.045303,1.630021355568991,-8.29219e-05,0.11425593443681101
252.5848048269221,32.504202387679264,15.66507,0.7090247673840115,-0.0002550475,0.06654190217240911
252.89190447578764,32.33492259049904,15.549081,0.3079180718330399,-0.0011533046,0.2949903395636599
252.89486588390986,32.5502582650614,16.233185,0.0758052539150522,-0.00022233024,0.08533360745501464
252.72238094048768,32.37632817101527,16.335913,0.9926622599947996,0.00015275284,0.12391511290089287
252.64268853128777,32.451702880751164,16.684532,0.011211211259473244,-0.00043793046,0.1802288310317475
252.61169855315103,32.27151770814526,16.599024,0.07928537994031021,-0.00052983896,0.056321932979727395
253.18843191897304,31.997264232175016,17.1047,0.14399781642893125,-0.00029592804,0.05216710849930979
253.1097067879239,32.1156893334889,17.636194,0.292289465681514,-0.0007147524,0.31095137160505154
253.17112723372404,31.16439422678241,17.251749,0.48905955969766,-0.00015171614,0.20539732740139988
253.17143365697743,32.03450149829656,16.746513,0.001955585728196526,-0.00061597984,0.07756742918782886
253.17112039345668,31.88958728546931,16.607433,0.6005004788306813,2.9906076e-05,0.1336289503563336
253.16760311632387,31.86797527898398,16.693527,0.5810576832570222,-0.00041816945,0.11319136587335361
253.05686278024118,31.84882633556545,17.523207,0.055796246756271074,-0.0007339477,0.1223079919467868
253.07317505559035,32.08819968891885,17.160166,0.5894404323874467,6.0045222e-05,0.28549059745873584
